split_id,game_id,week,retrieved_at,book,period,spread_ticket_pct_home,spread_money_pct_home,total_ticket_pct_home,total_money_pct_home,moneyline_ticket_pct_home,moneyline_money_pct_home,line_spread_home,line_total,source
2026_CFB_W02_RUTG_BC_FULL_draftkings_2026-09-10T00:25:28.852621+00:00,2026_CFB_W02_RUTG_BC,2,2026-09-10T00:25:28.852621+00:00,draftkings,FULL,0.45,0.15,0.54,0.29,0.57,0.33,-3.5,54.5,vsin_dk
2026_CFB_W02_MIZ_KU_FULL_draftkings_2026-09-10T00:25:28.852621+00:00,2026_CFB_W02_MIZ_KU,2,2026-09-10T00:25:28.852621+00:00,draftkings,FULL,0.37,0.87,0.83,0.44,0.14,0.5,5.5,50.5,vsin_dk
2026_CFB_W02_USF_ARMY_FULL_draftkings_2026-09-10T00:25:28.852621+00:00,2026_CFB_W02_USF_ARMY,2,2026-09-10T00:25:28.852621+00:00,draftkings,FULL,0.74,0.95,0.6,0.04,0.73,0.87,-3.5,46.5,vsin_dk
2026_CFB_W02_OU_MICH_FULL_draftkings_2026-09-10T00:25:28.852621+00:00,2026_CFB_W02_OU_MICH,2,2026-09-10T00:25:28.852621+00:00,draftkings,FULL,0.11,0.03,0.7,0.2,0.12,0.5,5.5,43.5,vsin_dk
2026_CFB_W02_WAKE_PUR_FULL_draftkings_2026-09-10T00:25:28.852621+00:00,2026_CFB_W02_WAKE_PUR,2,2026-09-10T00:25:28.852621+00:00,draftkings,FULL,0.71,0.95,0.83,1.0,0.45,0.29,3.0,49.5,vsin_dk
2026_CFB_W02_PSU_TEM_FULL_draftkings_2026-09-10T00:25:28.852621+00:00,2026_CFB_W02_PSU_TEM,2,2026-09-10T00:25:28.852621+00:00,draftkings,FULL,0.05,0.02,0.89,0.85,0.08,0.28,23.5,49.5,vsin_dk
2026_CFB_W02_ODU_VT_FULL_draftkings_2026-09-10T00:25:28.852621+00:00,2026_CFB_W02_ODU_VT,2,2026-09-10T00:25:28.852621+00:00,draftkings,FULL,0.87,0.86,0.69,0.06,0.96,0.98,-19.5,49.5,vsin_dk
2026_CFB_W02_WKU_UGA_FULL_draftkings_2026-09-10T00:25:28.852621+00:00,2026_CFB_W02_WKU_UGA,2,2026-09-10T00:25:28.852621+00:00,draftkings,FULL,0.91,0.96,0.92,1.0,,,-40.5,55.5,vsin_dk
2026_CFB_W02_ARIZ_BYU_FULL_draftkings_2026-09-10T00:25:28.852621+00:00,2026_CFB_W02_ARIZ_BYU,2,2026-09-10T00:25:28.852621+00:00,draftkings,FULL,0.82,0.69,0.84,0.33,0.98,0.82,-7.5,47.5,vsin_dk
2026_CFB_W02_DUKE_ILL_FULL_draftkings_2026-09-10T00:25:28.852621+00:00,2026_CFB_W02_DUKE_ILL,2,2026-09-10T00:25:28.852621+00:00,draftkings,FULL,0.54,0.14,0.48,0.0,0.78,0.4,-6.0,51.5,vsin_dk
2026_CFB_W02_ALA_UK_FULL_draftkings_2026-09-10T00:25:28.852621+00:00,2026_CFB_W02_ALA_UK,2,2026-09-10T00:25:28.852621+00:00,draftkings,FULL,0.23,0.71,0.93,0.79,0.02,0.27,10.5,49.5,vsin_dk
2026_CFB_W02_MSST_MINN_FULL_draftkings_2026-09-10T00:25:28.852621+00:00,2026_CFB_W02_MSST_MINN,2,2026-09-10T00:25:28.852621+00:00,draftkings,FULL,0.48,0.77,,0.43,0.43,0.67,-1.5,55.5,vsin_dk
2026_CFB_W02_RICE_ND_FULL_draftkings_2026-09-10T00:25:28.852621+00:00,2026_CFB_W02_RICE_ND,2,2026-09-10T00:25:28.852621+00:00,draftkings,FULL,0.88,0.9,0.9,1.0,,,-44.5,55.5,vsin_dk
2026_CFB_W02_UCF_PITT_FULL_draftkings_2026-09-10T00:25:28.852621+00:00,2026_CFB_W02_UCF_PITT,2,2026-09-10T00:25:28.852621+00:00,draftkings,FULL,0.78,0.8,0.76,0.94,0.89,0.58,-7.0,56.5,vsin_dk
2026_CFB_W02_CAL_SYR_FULL_draftkings_2026-09-10T00:25:28.852621+00:00,2026_CFB_W02_CAL_SYR,2,2026-09-10T00:25:28.852621+00:00,draftkings,FULL,0.62,0.71,0.83,1.0,,0.89,-3.5,56.5,vsin_dk
2026_CFB_W02_UNLV_UNT_FULL_draftkings_2026-09-10T00:25:28.852621+00:00,2026_CFB_W02_UNLV_UNT,2,2026-09-10T00:25:28.852621+00:00,draftkings,FULL,0.45,0.68,0.54,0.38,0.1,0.41,3.0,56.5,vsin_dk
2026_CFB_W02_DEL_VAN_FULL_draftkings_2026-09-10T00:25:28.852621+00:00,2026_CFB_W02_DEL_VAN,2,2026-09-10T00:25:28.852621+00:00,draftkings,FULL,0.69,0.49,0.94,1.0,,0.32,-21.0,54.5,vsin_dk
2026_CFB_W02_MEM_BOIS_FULL_draftkings_2026-09-10T00:25:28.852621+00:00,2026_CFB_W02_MEM_BOIS,2,2026-09-10T00:25:28.852621+00:00,draftkings,FULL,0.69,0.74,0.88,0.99,0.94,0.77,-8.5,54.5,vsin_dk
2026_CFB_W02_JXST_OHIO_FULL_draftkings_2026-09-10T00:25:28.852621+00:00,2026_CFB_W02_JXST_OHIO,2,2026-09-10T00:25:28.852621+00:00,draftkings,FULL,0.71,0.73,0.75,0.05,0.76,0.97,-2.5,50.5,vsin_dk
2026_CFB_W02_TENN_GT_FULL_draftkings_2026-09-10T00:25:28.852621+00:00,2026_CFB_W02_TENN_GT,2,2026-09-10T00:25:28.852621+00:00,draftkings,FULL,0.23,0.42,,0.27,0.04,0.2,12.5,55.5,vsin_dk
2026_CFB_W02_MTSU_MRSH_FULL_draftkings_2026-09-10T00:25:28.852621+00:00,2026_CFB_W02_MTSU_MRSH,2,2026-09-10T00:25:28.852621+00:00,draftkings,FULL,0.5,0.13,0.26,0.06,0.96,0.77,-13.5,56.5,vsin_dk
2026_CFB_W02_BGSU_NEB_FULL_draftkings_2026-09-10T00:25:28.852621+00:00,2026_CFB_W02_BGSU_NEB,2,2026-09-10T00:25:28.852621+00:00,draftkings,FULL,0.9,0.99,0.83,0.96,,0.99,-29.5,51.5,vsin_dk
2026_CFB_W02_USA_TULN_FULL_draftkings_2026-09-10T00:25:28.852621+00:00,2026_CFB_W02_USA_TULN,2,2026-09-10T00:25:28.852621+00:00,draftkings,FULL,0.7,0.87,0.74,0.24,0.98,0.9,-9.5,49.5,vsin_dk
2026_CFB_W02_TLSA_SHSU_FULL_draftkings_2026-09-10T00:25:28.852621+00:00,2026_CFB_W02_TLSA_SHSU,2,2026-09-10T00:25:28.852621+00:00,draftkings,FULL,0.2,0.38,0.71,0.93,0.03,0.08,13.5,51.5,vsin_dk
2026_CFB_W02_SDSU_UCLA_FULL_draftkings_2026-09-10T00:25:28.852621+00:00,2026_CFB_W02_SDSU_UCLA,2,2026-09-10T00:25:28.852621+00:00,draftkings,FULL,0.8,0.9,0.89,1.0,0.99,1.0,-12.5,54.5,vsin_dk
2026_CFB_W02_GASO_CLEM_FULL_draftkings_2026-09-10T00:25:28.852621+00:00,2026_CFB_W02_GASO_CLEM,2,2026-09-10T00:25:28.852621+00:00,draftkings,FULL,0.81,0.57,0.89,0.99,0.96,0.78,-20.5,55.5,vsin_dk
2026_CFB_W02_NAVY_FAU_FULL_draftkings_2026-09-10T00:25:28.852621+00:00,2026_CFB_W02_NAVY_FAU,2,2026-09-10T00:25:28.852621+00:00,draftkings,FULL,0.21,0.05,0.84,1.0,0.15,0.49,5.5,58.5,vsin_dk
2026_CFB_W02_LT_LSU_FULL_draftkings_2026-09-10T00:25:28.852621+00:00,2026_CFB_W02_LT_LSU,2,2026-09-10T00:25:28.852621+00:00,draftkings,FULL,0.98,0.98,,0.85,0.99,0.19,-35.5,55.5,vsin_dk
2026_CFB_W02_USM_AUB_FULL_draftkings_2026-09-10T00:25:28.852621+00:00,2026_CFB_W02_USM_AUB,2,2026-09-10T00:25:28.852621+00:00,draftkings,FULL,0.63,0.9,0.67,0.98,0.96,0.3,-33.5,56.5,vsin_dk
2026_CFB_W02_NDSU_AF_FULL_draftkings_2026-09-10T00:25:28.852621+00:00,2026_CFB_W02_NDSU_AF,2,2026-09-10T00:25:28.852621+00:00,draftkings,FULL,0.38,0.4,0.81,0.2,0.45,0.87,2.5,47.5,vsin_dk
2026_CFB_W02_ARK_UTAH_FULL_draftkings_2026-09-10T00:25:28.852621+00:00,2026_CFB_W02_ARK_UTAH,2,2026-09-10T00:25:28.852621+00:00,draftkings,FULL,0.53,0.52,0.92,0.91,,0.57,-12.5,54.5,vsin_dk
2026_CFB_W02_SAC_FRES_FULL_draftkings_2026-09-10T00:25:28.852621+00:00,2026_CFB_W02_SAC_FRES,2,2026-09-10T00:25:28.852621+00:00,draftkings,FULL,0.69,0.96,0.6,0.01,0.99,1.0,-18.5,45.5,vsin_dk
2026_CFB_W02_UL_USC_FULL_draftkings_2026-09-10T00:25:28.852621+00:00,2026_CFB_W02_UL_USC,2,2026-09-10T00:25:28.852621+00:00,draftkings,FULL,0.95,1.0,0.81,0.99,0.95,0.05,-30.5,60.5,vsin_dk
2026_CFB_W02_RUTG_BC_FULL_draftkings_2026-09-10T02:34:28.583063+00:00,2026_CFB_W02_RUTG_BC,2,2026-09-10T02:34:28.583063+00:00,draftkings,FULL,0.46,0.15,0.53,0.2,0.57,0.33,-3.5,54.5,vsin_dk
2026_CFB_W02_MIZ_KU_FULL_draftkings_2026-09-10T02:34:28.583063+00:00,2026_CFB_W02_MIZ_KU,2,2026-09-10T02:34:28.583063+00:00,draftkings,FULL,0.38,0.87,0.83,0.44,0.14,0.52,5.5,50.5,vsin_dk
2026_CFB_W02_USF_ARMY_FULL_draftkings_2026-09-10T02:34:28.583063+00:00,2026_CFB_W02_USF_ARMY,2,2026-09-10T02:34:28.583063+00:00,draftkings,FULL,0.74,0.95,0.6,0.04,,0.9,-3.5,46.5,vsin_dk
2026_CFB_W02_APP_ECU_FULL_draftkings_2026-09-10T02:34:28.583063+00:00,2026_CFB_W02_APP_ECU,2,2026-09-10T02:34:28.583063+00:00,draftkings,FULL,0.36,0.12,0.49,0.91,0.78,0.21,-7.5,56.5,vsin_dk
2026_CFB_W02_OU_MICH_FULL_draftkings_2026-09-10T02:34:28.583063+00:00,2026_CFB_W02_OU_MICH,2,2026-09-10T02:34:28.583063+00:00,draftkings,FULL,0.11,0.03,0.71,0.2,0.12,0.5,5.5,43.5,vsin_dk
2026_CFB_W02_WAKE_PUR_FULL_draftkings_2026-09-10T02:34:28.583063+00:00,2026_CFB_W02_WAKE_PUR,2,2026-09-10T02:34:28.583063+00:00,draftkings,FULL,0.71,0.95,0.83,1.0,,0.29,3.0,49.5,vsin_dk
2026_CFB_W02_PSU_TEM_FULL_draftkings_2026-09-10T02:34:28.583063+00:00,2026_CFB_W02_PSU_TEM,2,2026-09-10T02:34:28.583063+00:00,draftkings,FULL,0.05,0.01,0.88,0.73,0.08,0.29,23.5,49.5,vsin_dk
2026_CFB_W02_ODU_VT_FULL_draftkings_2026-09-10T02:34:28.583063+00:00,2026_CFB_W02_ODU_VT,2,2026-09-10T02:34:28.583063+00:00,draftkings,FULL,,0.85,0.69,0.06,0.96,0.98,-19.5,49.5,vsin_dk
2026_CFB_W02_WKU_UGA_FULL_draftkings_2026-09-10T02:34:28.583063+00:00,2026_CFB_W02_WKU_UGA,2,2026-09-10T02:34:28.583063+00:00,draftkings,FULL,0.92,0.96,0.93,1.0,,,-40.5,55.5,vsin_dk
2026_CFB_W02_ARIZ_BYU_FULL_draftkings_2026-09-10T02:34:28.583063+00:00,2026_CFB_W02_ARIZ_BYU,2,2026-09-10T02:34:28.583063+00:00,draftkings,FULL,0.82,0.7,0.84,0.33,0.98,0.83,-7.5,47.5,vsin_dk
2026_CFB_W02_MD_CONN_FULL_draftkings_2026-09-10T02:34:28.583063+00:00,2026_CFB_W02_MD_CONN,2,2026-09-10T02:34:28.583063+00:00,draftkings,FULL,0.46,0.45,,0.46,0.1,0.66,12.5,52.5,vsin_dk
2026_CFB_W02_DUKE_ILL_FULL_draftkings_2026-09-10T02:34:28.583063+00:00,2026_CFB_W02_DUKE_ILL,2,2026-09-10T02:34:28.583063+00:00,draftkings,FULL,0.54,0.14,,0.0,0.79,0.4,-6.0,51.5,vsin_dk
2026_CFB_W02_ALA_UK_FULL_draftkings_2026-09-10T02:34:28.583063+00:00,2026_CFB_W02_ALA_UK,2,2026-09-10T02:34:28.583063+00:00,draftkings,FULL,0.22,0.71,0.93,0.79,0.02,0.27,10.5,49.5,vsin_dk
2026_CFB_W02_MSST_MINN_FULL_draftkings_2026-09-10T02:34:28.583063+00:00,2026_CFB_W02_MSST_MINN,2,2026-09-10T02:34:28.583063+00:00,draftkings,FULL,0.48,0.77,0.6,0.43,0.42,0.66,-1.5,55.5,vsin_dk
2026_CFB_W02_RICE_ND_FULL_draftkings_2026-09-10T02:34:28.583063+00:00,2026_CFB_W02_RICE_ND,2,2026-09-10T02:34:28.583063+00:00,draftkings,FULL,0.89,0.9,0.88,1.0,,,-44.5,55.5,vsin_dk
2026_CFB_W02_UCF_PITT_FULL_draftkings_2026-09-10T02:34:28.583063+00:00,2026_CFB_W02_UCF_PITT,2,2026-09-10T02:34:28.583063+00:00,draftkings,FULL,0.78,0.8,0.76,0.94,0.89,0.58,-7.0,56.5,vsin_dk
2026_CFB_W02_CAL_SYR_FULL_draftkings_2026-09-10T02:34:28.583063+00:00,2026_CFB_W02_CAL_SYR,2,2026-09-10T02:34:28.583063+00:00,draftkings,FULL,0.63,0.71,0.83,1.0,0.72,0.87,-3.5,56.5,vsin_dk
2026_CFB_W02_UNLV_UNT_FULL_draftkings_2026-09-10T02:34:28.583063+00:00,2026_CFB_W02_UNLV_UNT,2,2026-09-10T02:34:28.583063+00:00,draftkings,FULL,0.45,0.68,0.55,0.38,0.1,0.41,3.0,56.5,vsin_dk
2026_CFB_W02_DEL_VAN_FULL_draftkings_2026-09-10T02:34:28.583063+00:00,2026_CFB_W02_DEL_VAN,2,2026-09-10T02:34:28.583063+00:00,draftkings,FULL,0.68,0.5,0.94,1.0,0.91,0.31,-21.0,54.5,vsin_dk
2026_CFB_W02_MEM_BOIS_FULL_draftkings_2026-09-10T02:34:28.583063+00:00,2026_CFB_W02_MEM_BOIS,2,2026-09-10T02:34:28.583063+00:00,draftkings,FULL,,0.73,0.89,0.99,0.94,0.77,-8.5,54.5,vsin_dk
2026_CFB_W02_JXST_OHIO_FULL_draftkings_2026-09-10T02:34:28.583063+00:00,2026_CFB_W02_JXST_OHIO,2,2026-09-10T02:34:28.583063+00:00,draftkings,FULL,0.71,0.73,0.75,0.05,0.75,0.97,-2.5,50.5,vsin_dk
2026_CFB_W02_TENN_GT_FULL_draftkings_2026-09-10T02:34:28.583063+00:00,2026_CFB_W02_TENN_GT,2,2026-09-10T02:34:28.583063+00:00,draftkings,FULL,0.23,0.41,,0.27,0.04,0.19,12.5,55.5,vsin_dk
2026_CFB_W02_MTSU_MRSH_FULL_draftkings_2026-09-10T02:34:28.583063+00:00,2026_CFB_W02_MTSU_MRSH,2,2026-09-10T02:34:28.583063+00:00,draftkings,FULL,0.52,0.15,0.26,0.06,0.97,0.8,-13.5,56.5,vsin_dk
2026_CFB_W02_BGSU_NEB_FULL_draftkings_2026-09-10T02:34:28.583063+00:00,2026_CFB_W02_BGSU_NEB,2,2026-09-10T02:34:28.583063+00:00,draftkings,FULL,0.9,0.99,0.83,0.96,0.97,0.99,-29.5,51.5,vsin_dk
2026_CFB_W02_USA_TULN_FULL_draftkings_2026-09-10T02:34:28.583063+00:00,2026_CFB_W02_USA_TULN,2,2026-09-10T02:34:28.583063+00:00,draftkings,FULL,0.69,0.85,0.74,0.24,0.98,0.91,-9.5,49.5,vsin_dk
2026_CFB_W02_TLSA_SHSU_FULL_draftkings_2026-09-10T02:34:28.583063+00:00,2026_CFB_W02_TLSA_SHSU,2,2026-09-10T02:34:28.583063+00:00,draftkings,FULL,0.2,0.38,0.71,0.93,0.03,0.08,13.5,51.5,vsin_dk
2026_CFB_W02_SDSU_UCLA_FULL_draftkings_2026-09-10T02:34:28.583063+00:00,2026_CFB_W02_SDSU_UCLA,2,2026-09-10T02:34:28.583063+00:00,draftkings,FULL,0.78,0.9,0.89,1.0,0.99,1.0,-12.5,54.5,vsin_dk
2026_CFB_W02_GASO_CLEM_FULL_draftkings_2026-09-10T02:34:28.583063+00:00,2026_CFB_W02_GASO_CLEM,2,2026-09-10T02:34:28.583063+00:00,draftkings,FULL,0.79,0.51,0.89,0.99,0.96,0.78,-20.5,55.5,vsin_dk
2026_CFB_W02_NAVY_FAU_FULL_draftkings_2026-09-10T02:34:28.583063+00:00,2026_CFB_W02_NAVY_FAU,2,2026-09-10T02:34:28.583063+00:00,draftkings,FULL,0.21,0.05,0.84,1.0,0.14,0.49,5.5,58.5,vsin_dk
2026_CFB_W02_LT_LSU_FULL_draftkings_2026-09-10T02:34:28.583063+00:00,2026_CFB_W02_LT_LSU,2,2026-09-10T02:34:28.583063+00:00,draftkings,FULL,0.98,0.98,0.91,0.85,0.99,0.19,-35.5,55.5,vsin_dk
2026_CFB_W02_USM_AUB_FULL_draftkings_2026-09-10T02:34:28.583063+00:00,2026_CFB_W02_USM_AUB,2,2026-09-10T02:34:28.583063+00:00,draftkings,FULL,0.61,0.9,0.67,0.98,0.97,0.3,-33.5,56.5,vsin_dk
2026_CFB_W02_CLT_MISS_FULL_draftkings_2026-09-10T02:34:28.583063+00:00,2026_CFB_W02_CLT_MISS,2,2026-09-10T02:34:28.583063+00:00,draftkings,FULL,0.81,0.33,0.74,0.04,,,-47.5,60.5,vsin_dk
2026_CFB_W02_NDSU_AF_FULL_draftkings_2026-09-10T02:34:28.583063+00:00,2026_CFB_W02_NDSU_AF,2,2026-09-10T02:34:28.583063+00:00,draftkings,FULL,0.39,0.4,0.81,0.2,0.44,0.87,2.5,47.5,vsin_dk
2026_CFB_W02_ARK_UTAH_FULL_draftkings_2026-09-10T02:34:28.583063+00:00,2026_CFB_W02_ARK_UTAH,2,2026-09-10T02:34:28.583063+00:00,draftkings,FULL,0.55,0.53,,0.91,0.94,0.57,-12.5,55.5,vsin_dk
2026_CFB_W02_SAC_FRES_FULL_draftkings_2026-09-10T02:34:28.583063+00:00,2026_CFB_W02_SAC_FRES,2,2026-09-10T02:34:28.583063+00:00,draftkings,FULL,0.69,0.96,0.57,0.01,0.99,1.0,-18.5,45.5,vsin_dk
2026_CFB_W02_UL_USC_FULL_draftkings_2026-09-10T02:34:28.583063+00:00,2026_CFB_W02_UL_USC,2,2026-09-10T02:34:28.583063+00:00,draftkings,FULL,0.95,1.0,0.83,0.99,0.96,0.05,-30.5,60.5,vsin_dk
