prediction_id,game_id,model_version,flagged_at
2026_CFB_W01_SMU_FSU_CFB_v1.0_2026-09-07T12:30:57.868270+00:00,2026_CFB_W01_SMU_FSU,CFB_v1.0,2026-09-07T23:40:25.414225+00:00
2026_NFL_W01_NE_SEA_NFL_v1.0_2026-09-09T12:31:08.630815+00:00,2026_NFL_W01_NE_SEA,NFL_v1.0,2026-09-10T00:48:05.035116+00:00
2026_NFL_W01_SF_LAR_NFL_v1.0_2026-09-09T12:31:08.630815+00:00,2026_NFL_W01_SF_LAR,NFL_v1.0,2026-09-11T00:46:27.477407+00:00
2026_CFB_W02_RUTG_BC_CFB_v1.0_2026-09-11T12:29:39.601965+00:00,2026_CFB_W02_RUTG_BC,CFB_v1.0,2026-09-11T23:40:31.627107+00:00
2026_CFB_W02_MIZ_KU_CFB_v1.0_2026-09-11T12:29:39.601965+00:00,2026_CFB_W02_MIZ_KU,CFB_v1.0,2026-09-12T00:46:35.769440+00:00
2026_CFB_W02_PSU_TEM_CFB_v1.0_2026-09-12T12:26:50.441388+00:00,2026_CFB_W02_PSU_TEM,CFB_v1.0,2026-09-12T16:41:13.966689+00:00
2026_CFB_W02_ASU_TAM_CFB_v1.0_2026-09-11T12:29:39.601965+00:00,2026_CFB_W02_ASU_TAM,CFB_v1.0,2026-09-12T16:41:13.966689+00:00
2026_CFB_W02_WAKE_PUR_CFB_v1.0_2026-09-12T12:26:50.441388+00:00,2026_CFB_W02_WAKE_PUR,CFB_v1.0,2026-09-12T16:41:13.966689+00:00
2026_CFB_W02_USF_ARMY_CFB_v1.0_2026-09-12T12:26:50.441388+00:00,2026_CFB_W02_USF_ARMY,CFB_v1.0,2026-09-12T16:41:13.966689+00:00
2026_CFB_W02_OU_MICH_CFB_v1.0_2026-09-12T12:26:50.441388+00:00,2026_CFB_W02_OU_MICH,CFB_v1.0,2026-09-12T16:41:13.966689+00:00
2026_CFB_W02_ORE_OKST_CFB_v1.0_2026-09-11T12:29:39.601965+00:00,2026_CFB_W02_ORE_OKST,CFB_v1.0,2026-09-12T16:41:13.966689+00:00
2026_CFB_W02_WSU_KSU_CFB_v1.0_2026-09-12T12:26:50.441388+00:00,2026_CFB_W02_WSU_KSU,CFB_v1.0,2026-09-12T16:41:13.966689+00:00
2026_CFB_W02_ODU_VT_CFB_v1.0_2026-09-12T12:26:50.441388+00:00,2026_CFB_W02_ODU_VT,CFB_v1.0,2026-09-12T16:41:13.966689+00:00
2026_CFB_W02_APP_ECU_CFB_v1.0_2026-09-12T12:26:50.441388+00:00,2026_CFB_W02_APP_ECU,CFB_v1.0,2026-09-12T16:41:13.966689+00:00
2026_CFB_W02_WKU_UGA_CFB_v1.0_2026-09-12T12:26:50.441388+00:00,2026_CFB_W02_WKU_UGA,CFB_v1.0,2026-09-12T17:40:14.466590+00:00
2026_CFB_W02_MSST_MINN_CFB_v1.0_2026-09-12T12:26:50.441388+00:00,2026_CFB_W02_MSST_MINN,CFB_v1.0,2026-09-12T19:40:47.992750+00:00
2026_CFB_W02_ULM_UAB_CFB_v1.0_2026-09-12T12:26:50.441388+00:00,2026_CFB_W02_ULM_UAB,CFB_v1.0,2026-09-12T19:40:47.992750+00:00
2026_CFB_W02_MD_CONN_CFB_v1.0_2026-09-12T12:26:50.441388+00:00,2026_CFB_W02_MD_CONN,CFB_v1.0,2026-09-12T19:40:47.992750+00:00
2026_CFB_W02_CAL_SYR_CFB_v1.0_2026-09-09T12:31:09.658565+00:00,2026_CFB_W02_CAL_SYR,CFB_v1.0,2026-09-12T19:40:47.992750+00:00
2026_CFB_W02_EMU_MSU_CFB_v1.0_2026-09-12T12:26:50.441388+00:00,2026_CFB_W02_EMU_MSU,CFB_v1.0,2026-09-12T19:40:47.992750+00:00
2026_CFB_W02_RICE_ND_CFB_v1.0_2026-09-12T12:26:50.441388+00:00,2026_CFB_W02_RICE_ND,CFB_v1.0,2026-09-12T19:40:47.992750+00:00
2026_CFB_W02_ARIZ_BYU_CFB_v1.0_2026-09-12T12:26:50.441388+00:00,2026_CFB_W02_ARIZ_BYU,CFB_v1.0,2026-09-12T19:40:47.992750+00:00
2026_CFB_W02_DUKE_ILL_CFB_v1.0_2026-09-12T12:26:50.441388+00:00,2026_CFB_W02_DUKE_ILL,CFB_v1.0,2026-09-12T19:40:47.992750+00:00
2026_CFB_W02_USU_WASH_CFB_v1.0_2026-09-12T12:26:50.441388+00:00,2026_CFB_W02_USU_WASH,CFB_v1.0,2026-09-12T19:40:47.992750+00:00
2026_CFB_W02_UCF_PITT_CFB_v1.0_2026-09-12T12:26:50.441388+00:00,2026_CFB_W02_UCF_PITT,CFB_v1.0,2026-09-12T19:40:47.992750+00:00
2026_CFB_W02_ALA_UK_CFB_v1.0_2026-09-12T12:26:50.441388+00:00,2026_CFB_W02_ALA_UK,CFB_v1.0,2026-09-12T19:40:47.992750+00:00
2026_CFB_W02_UTSA_TXST_CFB_v1.0_2026-09-12T12:26:50.441388+00:00,2026_CFB_W02_UTSA_TXST,CFB_v1.0,2026-09-12T19:40:47.992750+00:00
2026_CFB_W02_UNLV_UNT_CFB_v1.0_2026-09-12T12:26:50.441388+00:00,2026_CFB_W02_UNLV_UNT,CFB_v1.0,2026-09-12T20:44:06.885352+00:00
2026_CFB_W02_DEL_VAN_CFB_v1.0_2026-09-12T12:26:50.441388+00:00,2026_CFB_W02_DEL_VAN,CFB_v1.0,2026-09-12T20:44:06.885352+00:00
2026_CFB_W02_BUF_FIU_CFB_v1.0_2026-09-12T12:26:50.441388+00:00,2026_CFB_W02_BUF_FIU,CFB_v1.0,2026-09-12T22:42:49.605076+00:00
2026_CFB_W02_MEM_BOIS_CFB_v1.0_2026-09-12T12:26:50.441388+00:00,2026_CFB_W02_MEM_BOIS,CFB_v1.0,2026-09-12T22:42:49.605076+00:00
2026_CFB_W02_JXST_OHIO_CFB_v1.0_2026-09-12T12:26:50.441388+00:00,2026_CFB_W02_JXST_OHIO,CFB_v1.0,2026-09-12T22:42:49.605076+00:00
2026_CFB_W02_USA_TULN_CFB_v1.0_2026-09-12T12:26:50.441388+00:00,2026_CFB_W02_USA_TULN,CFB_v1.0,2026-09-12T23:39:51.581466+00:00
2026_CFB_W02_GAST_KENN_CFB_v1.0_2026-09-12T12:26:50.441388+00:00,2026_CFB_W02_GAST_KENN,CFB_v1.0,2026-09-12T23:39:51.581466+00:00
2026_CFB_W02_MTSU_MRSH_CFB_v1.0_2026-09-12T12:26:50.441388+00:00,2026_CFB_W02_MTSU_MRSH,CFB_v1.0,2026-09-12T23:39:51.581466+00:00
2026_CFB_W02_BGSU_NEB_CFB_v1.0_2026-09-12T12:26:50.441388+00:00,2026_CFB_W02_BGSU_NEB,CFB_v1.0,2026-09-12T23:39:51.581466+00:00
2026_CFB_W02_TENN_GT_CFB_v1.0_2026-09-12T12:26:50.441388+00:00,2026_CFB_W02_TENN_GT,CFB_v1.0,2026-09-12T23:39:51.581466+00:00
2026_CFB_W02_TLSA_SHSU_CFB_v1.0_2026-09-12T12:26:50.441388+00:00,2026_CFB_W02_TLSA_SHSU,CFB_v1.0,2026-09-12T23:39:51.581466+00:00
2026_CFB_W02_SDSU_UCLA_CFB_v1.0_2026-09-12T12:26:50.441388+00:00,2026_CFB_W02_SDSU_UCLA,CFB_v1.0,2026-09-12T23:39:51.581466+00:00
2026_CFB_W02_TTU_ORST_CFB_v1.0_2026-09-12T12:26:50.441388+00:00,2026_CFB_W02_TTU_ORST,CFB_v1.0,2026-09-12T23:39:51.581466+00:00
2026_CFB_W02_ISU_IOWA_CFB_v1.0_2026-09-12T12:26:50.441388+00:00,2026_CFB_W02_ISU_IOWA,CFB_v1.0,2026-09-12T23:39:51.581466+00:00
2026_CFB_W02_GASO_CLEM_CFB_v1.0_2026-09-12T12:26:50.441388+00:00,2026_CFB_W02_GASO_CLEM,CFB_v1.0,2026-09-12T23:39:51.581466+00:00
2026_CFB_W02_LT_LSU_CFB_v1.0_2026-09-12T12:26:50.441388+00:00,2026_CFB_W02_LT_LSU,CFB_v1.0,2026-09-12T23:39:51.581466+00:00
2026_CFB_W02_NAVY_FAU_CFB_v1.0_2026-09-12T12:26:50.441388+00:00,2026_CFB_W02_NAVY_FAU,CFB_v1.0,2026-09-12T23:39:51.581466+00:00
2026_CFB_W02_OSU_TEX_CFB_v1.0_2026-09-12T12:26:50.441388+00:00,2026_CFB_W02_OSU_TEX,CFB_v1.0,2026-09-12T23:39:51.581466+00:00
2026_CFB_W02_CLT_MISS_CFB_v1.0_2026-09-12T12:26:50.441388+00:00,2026_CFB_W02_CLT_MISS,CFB_v1.0,2026-09-13T00:47:38.259087+00:00
2026_CFB_W02_USM_AUB_CFB_v1.0_2026-09-12T12:26:50.441388+00:00,2026_CFB_W02_USM_AUB,CFB_v1.0,2026-09-13T00:47:38.259087+00:00
2026_CFB_W02_NDSU_AF_CFB_v1.0_2026-09-12T12:26:50.441388+00:00,2026_CFB_W02_NDSU_AF,CFB_v1.0,2026-09-13T02:42:22.388583+00:00
2026_CFB_W02_ARK_UTAH_CFB_v1.0_2026-09-12T12:26:50.441388+00:00,2026_CFB_W02_ARK_UTAH,CFB_v1.0,2026-09-13T02:42:22.388583+00:00
2026_CFB_W02_SAC_FRES_CFB_v1.0_2026-09-12T12:26:50.441388+00:00,2026_CFB_W02_SAC_FRES,CFB_v1.0,2026-09-13T02:42:22.388583+00:00
2026_CFB_W02_UL_USC_CFB_v1.0_2026-09-12T12:26:50.441388+00:00,2026_CFB_W02_UL_USC,CFB_v1.0,2026-09-13T03:42:39.818925+00:00
2026_CFB_W02_NMSU_HAW_CFB_v1.0_2026-09-12T12:26:50.441388+00:00,2026_CFB_W02_NMSU_HAW,CFB_v1.0,2026-09-13T04:42:26.996043+00:00
2026_NFL_W01_CHI_CAR_NFL_v1.0_2026-09-12T12:26:49.526460+00:00,2026_NFL_W01_CHI_CAR,NFL_v1.0,2026-09-13T17:41:48.750826+00:00
2026_NFL_W01_TB_CIN_NFL_v1.0_2026-09-12T12:26:49.526460+00:00,2026_NFL_W01_TB_CIN,NFL_v1.0,2026-09-13T17:41:48.750826+00:00
2026_NFL_W01_NO_DET_NFL_v1.0_2026-09-11T12:29:38.943495+00:00,2026_NFL_W01_NO_DET,NFL_v1.0,2026-09-13T17:41:48.750826+00:00
2026_NFL_W01_BUF_HOU_NFL_v1.0_2026-09-12T12:26:49.526460+00:00,2026_NFL_W01_BUF_HOU,NFL_v1.0,2026-09-13T17:41:48.750826+00:00
2026_NFL_W01_BAL_IND_NFL_v1.0_2026-09-12T12:26:49.526460+00:00,2026_NFL_W01_BAL_IND,NFL_v1.0,2026-09-13T17:41:48.750826+00:00
2026_NFL_W01_CLE_JAX_NFL_v1.0_2026-09-12T12:26:49.526460+00:00,2026_NFL_W01_CLE_JAX,NFL_v1.0,2026-09-13T17:41:48.750826+00:00
2026_NFL_W01_ATL_PIT_NFL_v1.0_2026-09-13T12:27:57.967975+00:00,2026_NFL_W01_ATL_PIT,NFL_v1.0,2026-09-13T17:41:48.750826+00:00
2026_NFL_W01_NYJ_TEN_NFL_v1.0_2026-09-12T12:26:49.526460+00:00,2026_NFL_W01_NYJ_TEN,NFL_v1.0,2026-09-13T17:41:48.750826+00:00
2026_NFL_W01_ARI_LAC_NFL_v1.0_2026-09-11T12:29:38.943495+00:00,2026_NFL_W01_ARI_LAC,NFL_v1.0,2026-09-13T20:41:43.758342+00:00
2026_NFL_W01_MIA_LV_NFL_v1.0_2026-09-11T12:29:38.943495+00:00,2026_NFL_W01_MIA_LV,NFL_v1.0,2026-09-13T20:41:43.758342+00:00
2026_NFL_W01_GB_MIN_NFL_v1.0_2026-09-13T12:27:57.967975+00:00,2026_NFL_W01_GB_MIN,NFL_v1.0,2026-09-13T20:41:43.758342+00:00
2026_NFL_W01_WAS_PHI_NFL_v1.0_2026-09-12T12:26:49.526460+00:00,2026_NFL_W01_WAS_PHI,NFL_v1.0,2026-09-13T20:41:43.758342+00:00
2026_NFL_W01_DAL_NYG_NFL_v1.0_2026-09-12T12:26:49.526460+00:00,2026_NFL_W01_DAL_NYG,NFL_v1.0,2026-09-14T00:48:33.400500+00:00
2026_NFL_W01_DEN_KC_NFL_v1.0_2026-09-12T12:26:49.526460+00:00,2026_NFL_W01_DEN_KC,NFL_v1.0,2026-09-15T00:48:44.458387+00:00
2026_CFB_W03_SYR_PITT_CFB_v1.0_2026-09-17T12:29:54.430606+00:00,2026_CFB_W03_SYR_PITT,CFB_v1.0,2026-09-17T23:40:01.369665+00:00
2026_NFL_W02_DET_BUF_NFL_v1.0_2026-09-17T12:29:53.366660+00:00,2026_NFL_W02_DET_BUF,NFL_v1.0,2026-09-18T00:47:15.965060+00:00
2026_CFB_W03_MIA_WAKE_CFB_v1.0_2026-09-18T12:28:24.311862+00:00,2026_CFB_W03_MIA_WAKE,CFB_v1.0,2026-09-18T23:40:06.662187+00:00
2026_CFB_W03_HOU_TTU_CFB_v1.0_2026-09-18T12:28:24.311862+00:00,2026_CFB_W03_HOU_TTU,CFB_v1.0,2026-09-19T00:46:35.434825+00:00
2026_CFB_W03_CCU_DEL_CFB_v1.0_2026-09-19T12:27:34.180369+00:00,2026_CFB_W03_CCU_DEL,CFB_v1.0,2026-09-19T15:40:55.371747+00:00
2026_CFB_W03_AKR_MINN_CFB_v1.0_2026-09-19T12:27:34.180369+00:00,2026_CFB_W03_AKR_MINN,CFB_v1.0,2026-09-19T16:41:29.192266+00:00
2026_CFB_W03_UNT_TXST_CFB_v1.0_2026-09-19T12:27:34.180369+00:00,2026_CFB_W03_UNT_TXST,CFB_v1.0,2026-09-19T16:41:29.192266+00:00
2026_CFB_W03_BUF_PSU_CFB_v1.0_2026-09-19T12:27:34.180369+00:00,2026_CFB_W03_BUF_PSU,CFB_v1.0,2026-09-19T16:41:29.192266+00:00
2026_CFB_W03_KENT_OSU_CFB_v1.0_2026-09-19T12:27:34.180369+00:00,2026_CFB_W03_KENT_OSU,CFB_v1.0,2026-09-19T16:41:29.192266+00:00
2026_CFB_W03_UNC_CLEM_CFB_v1.0_2026-09-19T12:27:34.180369+00:00,2026_CFB_W03_UNC_CLEM,CFB_v1.0,2026-09-19T16:41:29.192266+00:00
2026_CFB_W03_BGSU_ISU_CFB_v1.0_2026-09-19T12:27:34.180369+00:00,2026_CFB_W03_BGSU_ISU,CFB_v1.0,2026-09-19T16:41:29.192266+00:00
2026_CFB_W03_TULN_KSU_CFB_v1.0_2026-09-19T12:27:34.180369+00:00,2026_CFB_W03_TULN_KSU,CFB_v1.0,2026-09-19T16:41:29.192266+00:00
2026_CFB_W03_UGA_ARK_CFB_v1.0_2026-09-19T12:27:34.180369+00:00,2026_CFB_W03_UGA_ARK,CFB_v1.0,2026-09-19T16:41:29.192266+00:00
2026_CFB_W03_ASU_KU_CFB_v1.0_2026-09-19T12:27:34.180369+00:00,2026_CFB_W03_ASU_KU,CFB_v1.0,2026-09-19T16:41:29.192266+00:00
2026_CFB_W03_EMU_WIS_CFB_v1.0_2026-09-19T12:27:34.180369+00:00,2026_CFB_W03_EMU_WIS,CFB_v1.0,2026-09-19T16:41:29.192266+00:00
2026_CFB_W03_NCSU_VAN_CFB_v1.0_2026-09-19T12:27:34.180369+00:00,2026_CFB_W03_NCSU_VAN,CFB_v1.0,2026-09-19T17:39:45.624570+00:00
2026_CFB_W03_WYO_CMU_CFB_v1.0_2026-09-19T12:27:34.180369+00:00,2026_CFB_W03_WYO_CMU,CFB_v1.0,2026-09-19T17:39:45.624570+00:00
2026_CFB_W03_TEM_TOL_CFB_v1.0_2026-09-19T12:27:34.180369+00:00,2026_CFB_W03_TEM_TOL,CFB_v1.0,2026-09-19T19:39:40.241622+00:00
2026_CFB_W03_SMU_LOU_CFB_v1.0_2026-09-19T12:27:34.180369+00:00,2026_CFB_W03_SMU_LOU,CFB_v1.0,2026-09-19T19:39:40.241622+00:00
2026_CFB_W03_USU_UTAH_CFB_v1.0_2026-09-19T12:27:34.180369+00:00,2026_CFB_W03_USU_UTAH,CFB_v1.0,2026-09-19T19:39:40.241622+00:00
2026_CFB_W03_MOH_CIN_CFB_v1.0_2026-09-19T12:27:34.180369+00:00,2026_CFB_W03_MOH_CIN,CFB_v1.0,2026-09-19T19:39:40.241622+00:00
2026_CFB_W03_UK_TAM_CFB_v1.0_2026-09-19T12:27:34.180369+00:00,2026_CFB_W03_UK_TAM,CFB_v1.0,2026-09-19T19:39:40.241622+00:00
2026_CFB_W03_FSU_ALA_CFB_v1.0_2026-09-19T12:27:34.180369+00:00,2026_CFB_W03_FSU_ALA,CFB_v1.0,2026-09-19T19:39:40.241622+00:00
2026_CFB_W03_UTEP_MICH_CFB_v1.0_2026-09-19T12:27:34.180369+00:00,2026_CFB_W03_UTEP_MICH,CFB_v1.0,2026-09-19T19:39:40.241622+00:00
2026_CFB_W03_USC_RUTG_CFB_v1.0_2026-09-19T12:27:34.180369+00:00,2026_CFB_W03_USC_RUTG,CFB_v1.0,2026-09-19T19:39:40.241622+00:00
2026_CFB_W03_BALL_LIB_CFB_v1.0_2026-09-19T12:27:34.180369+00:00,2026_CFB_W03_BALL_LIB,CFB_v1.0,2026-09-19T20:41:05.566778+00:00
2026_CFB_W03_STAN_DUKE_CFB_v1.0_2026-09-19T12:27:34.180369+00:00,2026_CFB_W03_STAN_DUKE,CFB_v1.0,2026-09-19T20:41:05.566778+00:00
2026_CFB_W03_WKU_IU_CFB_v1.0_2026-09-19T12:27:34.180369+00:00,2026_CFB_W03_WKU_IU,CFB_v1.0,2026-09-19T20:41:05.566778+00:00
2026_CFB_W03_LT_BAY_CFB_v1.0_2026-09-19T12:27:34.180369+00:00,2026_CFB_W03_LT_BAY,CFB_v1.0,2026-09-19T20:41:05.566778+00:00
2026_CFB_W03_MSST_SC_CFB_v1.0_2026-09-19T12:27:34.180369+00:00,2026_CFB_W03_MSST_SC,CFB_v1.0,2026-09-19T20:41:05.566778+00:00
2026_CFB_W03_FIU_FAU_CFB_v1.0_2026-09-19T12:27:34.180369+00:00,2026_CFB_W03_FIU_FAU,CFB_v1.0,2026-09-19T22:40:18.438184+00:00
2026_CFB_W03_ECU_ODU_CFB_v1.0_2026-09-19T12:27:34.180369+00:00,2026_CFB_W03_ECU_ODU,CFB_v1.0,2026-09-19T22:40:18.438184+00:00
2026_CFB_W03_CLT_APP_CFB_v1.0_2026-09-19T12:27:34.180369+00:00,2026_CFB_W03_CLT_APP,CFB_v1.0,2026-09-19T22:40:18.438184+00:00
2026_CFB_W03_MRSH_MOST_CFB_v1.0_2026-09-19T12:27:34.180369+00:00,2026_CFB_W03_MRSH_MOST,CFB_v1.0,2026-09-19T22:40:18.438184+00:00
2026_CFB_W03_NEV_MTSU_CFB_v1.0_2026-09-19T12:27:34.180369+00:00,2026_CFB_W03_NEV_MTSU,CFB_v1.0,2026-09-19T23:40:19.034467+00:00
2026_CFB_W03_WMU_RICE_CFB_v1.0_2026-09-19T12:27:34.180369+00:00,2026_CFB_W03_WMU_RICE,CFB_v1.0,2026-09-19T23:40:19.034467+00:00
2026_CFB_W03_TROY_MIZ_CFB_v1.0_2026-09-19T12:27:34.180369+00:00,2026_CFB_W03_TROY_MIZ,CFB_v1.0,2026-09-19T23:40:19.034467+00:00
2026_CFB_W03_CONN_USM_CFB_v1.0_2026-09-19T12:27:34.180369+00:00,2026_CFB_W03_CONN_USM,CFB_v1.0,2026-09-19T23:40:19.034467+00:00
2026_CFB_W03_FLA_AUB_CFB_v1.0_2026-09-19T12:27:34.180369+00:00,2026_CFB_W03_FLA_AUB,CFB_v1.0,2026-09-19T23:40:19.034467+00:00
2026_CFB_W03_GASO_JXST_CFB_v1.0_2026-09-19T12:27:34.180369+00:00,2026_CFB_W03_GASO_JXST,CFB_v1.0,2026-09-19T23:40:19.034467+00:00
2026_CFB_W03_GAST_UCF_CFB_v1.0_2026-09-19T12:27:34.180369+00:00,2026_CFB_W03_GAST_UCF,CFB_v1.0,2026-09-19T23:40:19.034467+00:00
2026_CFB_W03_OHIO_USA_CFB_v1.0_2026-09-19T12:27:34.180369+00:00,2026_CFB_W03_OHIO_USA,CFB_v1.0,2026-09-19T23:40:19.034467+00:00
2026_CFB_W03_VT_MD_CFB_v1.0_2026-09-19T12:27:34.180369+00:00,2026_CFB_W03_VT_MD,CFB_v1.0,2026-09-19T23:40:19.034467+00:00
2026_CFB_W03_LSU_MISS_CFB_v1.0_2026-09-19T12:27:34.180369+00:00,2026_CFB_W03_LSU_MISS,CFB_v1.0,2026-09-19T23:40:19.034467+00:00
2026_CFB_W03_UNM_OU_CFB_v1.0_2026-09-19T12:27:34.180369+00:00,2026_CFB_W03_UNM_OU,CFB_v1.0,2026-09-19T23:40:19.034467+00:00
2026_CFB_W03_BYU_CSU_CFB_v1.0_2026-09-19T12:27:34.180369+00:00,2026_CFB_W03_BYU_CSU,CFB_v1.0,2026-09-19T23:40:19.034467+00:00
2026_CFB_W03_COLO_NU_CFB_v1.0_2026-09-19T12:27:34.180369+00:00,2026_CFB_W03_COLO_NU,CFB_v1.0,2026-09-19T23:40:19.034467+00:00
2026_CFB_W03_MSU_ND_CFB_v1.0_2026-09-19T12:27:34.180369+00:00,2026_CFB_W03_MSU_ND,CFB_v1.0,2026-09-19T23:40:19.034467+00:00
2026_CFB_W03_WVU_UVA_CFB_v1.0_2026-09-19T12:27:34.180369+00:00,2026_CFB_W03_WVU_UVA,CFB_v1.0,2026-09-19T23:40:19.034467+00:00
2026_CFB_W03_KENN_TENN_CFB_v1.0_2026-09-19T12:27:34.180369+00:00,2026_CFB_W03_KENN_TENN,CFB_v1.0,2026-09-20T00:47:06.960506+00:00
2026_CFB_W03_ARST_TCU_CFB_v1.0_2026-09-19T12:27:34.180369+00:00,2026_CFB_W03_ARST_TCU,CFB_v1.0,2026-09-20T00:47:06.960506+00:00
2026_CFB_W03_UTSA_TEX_CFB_v1.0_2026-09-19T12:27:34.180369+00:00,2026_CFB_W03_UTSA_TEX,CFB_v1.0,2026-09-20T00:47:06.960506+00:00
2026_CFB_W03_UAB_UL_CFB_v1.0_2026-09-19T12:27:34.180369+00:00,2026_CFB_W03_UAB_UL,CFB_v1.0,2026-09-20T00:47:06.960506+00:00
2026_CFB_W03_JMU_SDSU_CFB_v1.0_2026-09-19T12:27:34.180369+00:00,2026_CFB_W03_JMU_SDSU,CFB_v1.0,2026-09-20T02:42:09.385741+00:00
2026_CFB_W03_NDSU_SAC_CFB_v1.0_2026-09-19T12:27:34.180369+00:00,2026_CFB_W03_NDSU_SAC,CFB_v1.0,2026-09-20T02:42:09.385741+00:00
2026_CFB_W03_NIU_ARIZ_CFB_v1.0_2026-09-19T12:27:34.180369+00:00,2026_CFB_W03_NIU_ARIZ,CFB_v1.0,2026-09-20T02:42:09.385741+00:00
2026_CFB_W03_PUR_UCLA_CFB_v1.0_2026-09-19T12:27:34.180369+00:00,2026_CFB_W03_PUR_UCLA,CFB_v1.0,2026-09-20T03:42:54.697538+00:00
2026_CFB_W03_FRES_SJSU_CFB_v1.0_2026-09-19T12:27:34.180369+00:00,2026_CFB_W03_FRES_SJSU,CFB_v1.0,2026-09-20T03:42:54.697538+00:00
2026_NFL_W02_CAR_ATL_NFL_v1.0_2026-09-20T12:27:22.311597+00:00,2026_NFL_W02_CAR_ATL,NFL_v1.0,2026-09-20T17:40:53.079494+00:00
2026_NFL_W02_NO_BAL_NFL_v1.0_2026-09-20T12:27:22.311597+00:00,2026_NFL_W02_NO_BAL,NFL_v1.0,2026-09-20T17:40:53.079494+00:00
2026_NFL_W02_MIN_CHI_NFL_v1.0_2026-09-20T12:27:22.311597+00:00,2026_NFL_W02_MIN_CHI,NFL_v1.0,2026-09-20T17:40:53.079494+00:00
2026_NFL_W02_CIN_HOU_NFL_v1.0_2026-09-20T12:27:22.311597+00:00,2026_NFL_W02_CIN_HOU,NFL_v1.0,2026-09-20T17:40:53.079494+00:00
2026_NFL_W02_PIT_NE_NFL_v1.0_2026-09-20T12:27:22.311597+00:00,2026_NFL_W02_PIT_NE,NFL_v1.0,2026-09-20T17:40:53.079494+00:00
2026_NFL_W02_GB_NYJ_NFL_v1.0_2026-09-20T12:27:22.311597+00:00,2026_NFL_W02_GB_NYJ,NFL_v1.0,2026-09-20T17:40:53.079494+00:00
2026_NFL_W02_CLE_TB_NFL_v1.0_2026-09-20T12:27:22.311597+00:00,2026_NFL_W02_CLE_TB,NFL_v1.0,2026-09-20T17:40:53.079494+00:00
2026_NFL_W02_PHI_TEN_NFL_v1.0_2026-09-20T12:27:22.311597+00:00,2026_NFL_W02_PHI_TEN,NFL_v1.0,2026-09-20T17:40:53.079494+00:00
2026_NFL_W02_JAX_DEN_NFL_v1.0_2026-09-20T12:27:22.311597+00:00,2026_NFL_W02_JAX_DEN,NFL_v1.0,2026-09-20T20:41:24.558591+00:00
2026_NFL_W02_LV_LAC_NFL_v1.0_2026-09-19T12:27:33.279532+00:00,2026_NFL_W02_LV_LAC,NFL_v1.0,2026-09-20T20:41:24.558591+00:00
2026_NFL_W02_SEA_ARI_NFL_v1.0_2026-09-20T12:27:22.311597+00:00,2026_NFL_W02_SEA_ARI,NFL_v1.0,2026-09-20T20:41:24.558591+00:00
2026_NFL_W02_WAS_DAL_NFL_v1.0_2026-09-20T12:27:22.311597+00:00,2026_NFL_W02_WAS_DAL,NFL_v1.0,2026-09-20T20:41:24.558591+00:00
2026_NFL_W02_MIA_SF_NFL_v1.0_2026-09-20T12:27:22.311597+00:00,2026_NFL_W02_MIA_SF,NFL_v1.0,2026-09-20T20:41:24.558591+00:00
2026_NFL_W02_IND_KC_NFL_v1.0_2026-09-20T12:27:22.311597+00:00,2026_NFL_W02_IND_KC,NFL_v1.0,2026-09-21T00:47:41.300981+00:00
2026_NFL_W02_NYG_LAR_NFL_v1.0_2026-09-20T12:27:22.311597+00:00,2026_NFL_W02_NYG_LAR,NFL_v1.0,2026-09-22T00:47:21.138009+00:00
2026_CFB_W04_LIB_CCU_CFB_v1.0_2026-09-24T12:30:09.326192+00:00,2026_CFB_W04_LIB_CCU,CFB_v1.0,2026-09-24T23:41:44.922154+00:00
2026_NFL_W03_ATL_GB_NFL_v1.0_2026-09-24T12:30:08.195622+00:00,2026_NFL_W03_ATL_GB,NFL_v1.0,2026-09-25T00:46:53.691602+00:00
2026_CFB_W04_ARMY_TEM_CFB_v1.0_2026-09-25T12:30:16.148100+00:00,2026_CFB_W04_ARMY_TEM,CFB_v1.0,2026-09-25T20:43:56.012803+00:00
2026_CFB_W04_NAVY_UAB_CFB_v1.0_2026-09-25T12:30:16.148100+00:00,2026_CFB_W04_NAVY_UAB,CFB_v1.0,2026-09-25T23:41:47.405527+00:00
2026_CFB_W04_NU_IU_CFB_v1.0_2026-09-25T12:30:16.148100+00:00,2026_CFB_W04_NU_IU,CFB_v1.0,2026-09-26T00:48:01.951501+00:00
2026_CFB_W04_CLEM_CAL_CFB_v1.0_2026-09-25T12:30:16.148100+00:00,2026_CFB_W04_CLEM_CAL,CFB_v1.0,2026-09-26T02:42:46.834949+00:00
2026_CFB_W04_SHSU_TTU_CFB_v1.0_2026-09-26T12:27:37.657334+00:00,2026_CFB_W04_SHSU_TTU,CFB_v1.0,2026-09-26T16:43:02.962272+00:00
2026_CFB_W04_VT_BC_CFB_v1.0_2026-09-26T12:27:37.657334+00:00,2026_CFB_W04_VT_BC,CFB_v1.0,2026-09-26T16:43:02.962272+00:00
2026_CFB_W04_COLO_BAY_CFB_v1.0_2026-09-26T12:27:37.657334+00:00,2026_CFB_W04_COLO_BAY,CFB_v1.0,2026-09-26T16:43:02.962272+00:00
2026_CFB_W04_SDSU_TOL_CFB_v1.0_2026-09-26T12:27:37.657334+00:00,2026_CFB_W04_SDSU_TOL,CFB_v1.0,2026-09-26T16:43:02.962272+00:00
2026_CFB_W04_CSU_UTSA_CFB_v1.0_2026-09-26T12:27:37.657334+00:00,2026_CFB_W04_CSU_UTSA,CFB_v1.0,2026-09-26T16:43:02.962272+00:00
2026_CFB_W04_WAKE_LOU_CFB_v1.0_2026-09-26T12:27:37.657334+00:00,2026_CFB_W04_WAKE_LOU,CFB_v1.0,2026-09-26T16:43:02.962272+00:00
2026_CFB_W04_ILL_OSU_CFB_v1.0_2026-09-26T12:27:37.657334+00:00,2026_CFB_W04_ILL_OSU,CFB_v1.0,2026-09-26T16:43:02.962272+00:00
2026_CFB_W04_BALL_KENT_CFB_v1.0_2026-09-26T12:27:37.657334+00:00,2026_CFB_W04_BALL_KENT,CFB_v1.0,2026-09-26T16:43:02.962272+00:00
2026_CFB_W04_UNLV_AKR_CFB_v1.0_2026-09-26T12:27:37.657334+00:00,2026_CFB_W04_UNLV_AKR,CFB_v1.0,2026-09-26T16:43:02.962272+00:00
2026_CFB_W04_TEX_TENN_CFB_v1.0_2026-09-26T12:27:37.657334+00:00,2026_CFB_W04_TEX_TENN,CFB_v1.0,2026-09-26T16:43:02.962272+00:00
2026_CFB_W04_UCLA_MD_CFB_v1.0_2026-09-26T12:27:37.657334+00:00,2026_CFB_W04_UCLA_MD,CFB_v1.0,2026-09-26T17:42:25.740892+00:00
2026_CFB_W04_USA_UK_CFB_v1.0_2026-09-26T12:27:37.657334+00:00,2026_CFB_W04_USA_UK,CFB_v1.0,2026-09-26T17:42:25.740892+00:00
2026_CFB_W04_ND_PUR_CFB_v1.0_2026-09-26T12:27:37.657334+00:00,2026_CFB_W04_ND_PUR,CFB_v1.0,2026-09-26T18:45:08.408657+00:00
2026_CFB_W04_NIU_GAST_CFB_v1.0_2026-09-26T12:27:37.657334+00:00,2026_CFB_W04_NIU_GAST,CFB_v1.0,2026-09-26T18:45:08.408657+00:00
2026_CFB_W04_MISS_FLA_CFB_v1.0_2026-09-26T12:27:37.657334+00:00,2026_CFB_W04_MISS_FLA,CFB_v1.0,2026-09-26T19:41:08.462802+00:00
2026_CFB_W04_OU_UGA_CFB_v1.0_2026-09-26T12:27:37.657334+00:00,2026_CFB_W04_OU_UGA,CFB_v1.0,2026-09-26T19:41:08.462802+00:00
2026_CFB_W04_UTAH_ISU_CFB_v1.0_2026-09-26T12:27:37.657334+00:00,2026_CFB_W04_UTAH_ISU,CFB_v1.0,2026-09-26T19:41:08.462802+00:00
2026_CFB_W04_TCU_UCF_CFB_v1.0_2026-09-26T12:27:37.657334+00:00,2026_CFB_W04_TCU_UCF,CFB_v1.0,2026-09-26T19:41:08.462802+00:00
2026_CFB_W04_IOWA_MICH_CFB_v1.0_2026-09-26T12:27:37.657334+00:00,2026_CFB_W04_IOWA_MICH,CFB_v1.0,2026-09-26T19:41:08.462802+00:00
2026_CFB_W04_BOIS_WMU_CFB_v1.0_2026-09-26T12:27:37.657334+00:00,2026_CFB_W04_BOIS_WMU,CFB_v1.0,2026-09-26T19:41:08.462802+00:00
2026_CFB_W04_CONN_MOH_CFB_v1.0_2026-09-26T12:27:37.657334+00:00,2026_CFB_W04_CONN_MOH,CFB_v1.0,2026-09-26T19:41:08.462802+00:00
2026_CFB_W04_HAW_WYO_CFB_v1.0_2026-09-26T12:27:37.657334+00:00,2026_CFB_W04_HAW_WYO,CFB_v1.0,2026-09-26T19:41:08.462802+00:00
2026_CFB_W04_UNM_NMSU_CFB_v1.0_2026-09-26T12:27:37.657334+00:00,2026_CFB_W04_UNM_NMSU,CFB_v1.0,2026-09-26T19:41:08.462802+00:00
2026_CFB_W04_VAN_AUB_CFB_v1.0_2026-09-26T12:27:37.657334+00:00,2026_CFB_W04_VAN_AUB,CFB_v1.0,2026-09-26T20:42:16.027097+00:00
2026_CFB_W04_HOU_GASO_CFB_v1.0_2026-09-26T12:27:37.657334+00:00,2026_CFB_W04_HOU_GASO,CFB_v1.0,2026-09-26T20:42:16.027097+00:00
2026_CFB_W04_WIS_PSU_CFB_v1.0_2026-09-26T12:27:37.657334+00:00,2026_CFB_W04_WIS_PSU,CFB_v1.0,2026-09-26T21:41:52.629991+00:00
2026_CFB_W04_NEB_MSU_CFB_v1.0_2026-09-26T12:27:37.657334+00:00,2026_CFB_W04_NEB_MSU,CFB_v1.0,2026-09-26T21:41:52.629991+00:00
2026_CFB_W04_USF_BGSU_CFB_v1.0_2026-09-26T12:27:37.657334+00:00,2026_CFB_W04_USF_BGSU,CFB_v1.0,2026-09-26T21:41:52.629991+00:00
2026_CFB_W04_DEL_UVA_CFB_v1.0_2026-09-26T12:27:37.657334+00:00,2026_CFB_W04_DEL_UVA,CFB_v1.0,2026-09-26T22:42:48.334628+00:00
2026_CFB_W04_UL_CLT_CFB_v1.0_2026-09-26T12:27:37.657334+00:00,2026_CFB_W04_UL_CLT,CFB_v1.0,2026-09-26T22:42:48.334628+00:00
2026_CFB_W04_JMU_ODU_CFB_v1.0_2026-09-26T12:27:37.657334+00:00,2026_CFB_W04_JMU_ODU,CFB_v1.0,2026-09-26T22:42:48.334628+00:00
2026_CFB_W04_CMU_MIA_CFB_v1.0_2026-09-26T12:27:37.657334+00:00,2026_CFB_W04_CMU_MIA,CFB_v1.0,2026-09-26T22:42:48.334628+00:00
2026_CFB_W04_SC_ALA_CFB_v1.0_2026-09-26T12:27:37.657334+00:00,2026_CFB_W04_SC_ALA,CFB_v1.0,2026-09-26T23:41:29.554480+00:00
2026_CFB_W04_TAM_LSU_CFB_v1.0_2026-09-26T12:27:37.657334+00:00,2026_CFB_W04_TAM_LSU,CFB_v1.0,2026-09-26T23:41:29.554480+00:00
2026_CFB_W04_KSU_CIN_CFB_v1.0_2026-09-26T12:27:37.657334+00:00,2026_CFB_W04_KSU_CIN,CFB_v1.0,2026-09-26T23:41:29.554480+00:00
2026_CFB_W04_OKST_WVU_CFB_v1.0_2026-09-26T12:27:37.657334+00:00,2026_CFB_W04_OKST_WVU,CFB_v1.0,2026-09-26T23:41:29.554480+00:00
2026_CFB_W04_ORE_USC_CFB_v1.0_2026-09-26T12:27:37.657334+00:00,2026_CFB_W04_ORE_USC,CFB_v1.0,2026-09-26T23:41:29.554480+00:00
2026_CFB_W04_USM_TULN_CFB_v1.0_2026-09-26T12:27:37.657334+00:00,2026_CFB_W04_USM_TULN,CFB_v1.0,2026-09-26T23:41:29.554480+00:00
2026_CFB_W04_APP_NCSU_CFB_v1.0_2026-09-26T12:27:37.657334+00:00,2026_CFB_W04_APP_NCSU,CFB_v1.0,2026-09-26T23:41:29.554480+00:00
2026_CFB_W04_KENN_ARST_CFB_v1.0_2026-09-26T12:27:37.657334+00:00,2026_CFB_W04_KENN_ARST,CFB_v1.0,2026-09-26T23:41:29.554480+00:00
2026_CFB_W04_MTSU_JXST_CFB_v1.0_2026-09-26T12:27:37.657334+00:00,2026_CFB_W04_MTSU_JXST,CFB_v1.0,2026-09-26T23:41:29.554480+00:00
2026_CFB_W04_TROY_USU_CFB_v1.0_2026-09-26T12:27:37.657334+00:00,2026_CFB_W04_TROY_USU,CFB_v1.0,2026-09-26T23:41:29.554480+00:00
2026_CFB_W04_ARIZ_WSU_CFB_v1.0_2026-09-26T12:27:37.657334+00:00,2026_CFB_W04_ARIZ_WSU,CFB_v1.0,2026-09-26T23:41:29.554480+00:00
2026_CFB_W04_MIZ_MSST_CFB_v1.0_2026-09-26T12:27:37.657334+00:00,2026_CFB_W04_MIZ_MSST,CFB_v1.0,2026-09-27T00:48:46.696509+00:00
2026_CFB_W04_FAU_ULM_CFB_v1.0_2026-09-26T12:27:37.657334+00:00,2026_CFB_W04_FAU_ULM,CFB_v1.0,2026-09-27T00:48:46.696509+00:00
2026_CFB_W04_TLSA_ARK_CFB_v1.0_2026-09-26T12:27:37.657334+00:00,2026_CFB_W04_TLSA_ARK,CFB_v1.0,2026-09-27T00:48:46.696509+00:00
2026_CFB_W04_MOST_SMU_CFB_v1.0_2026-09-26T12:27:37.657334+00:00,2026_CFB_W04_MOST_SMU,CFB_v1.0,2026-09-27T01:42:36.169608+00:00
2026_CFB_W04_MASS_SAC_CFB_v1.0_2026-09-26T12:27:37.657334+00:00,2026_CFB_W04_MASS_SAC,CFB_v1.0,2026-09-27T01:42:36.169608+00:00
2026_CFB_W04_ORST_UTEP_CFB_v1.0_2026-09-26T12:27:37.657334+00:00,2026_CFB_W04_ORST_UTEP,CFB_v1.0,2026-09-27T01:42:36.169608+00:00
2026_CFB_W04_AF_NEV_CFB_v1.0_2026-09-26T12:27:37.657334+00:00,2026_CFB_W04_AF_NEV,CFB_v1.0,2026-09-27T02:43:48.526352+00:00
2026_CFB_W04_RICE_FRES_CFB_v1.0_2026-09-26T12:27:37.657334+00:00,2026_CFB_W04_RICE_FRES,CFB_v1.0,2026-09-27T02:43:48.526352+00:00
2026_CFB_W04_GT_STAN_CFB_v1.0_2026-09-26T12:27:37.657334+00:00,2026_CFB_W04_GT_STAN,CFB_v1.0,2026-09-27T02:43:48.526352+00:00
2026_CFB_W04_MINN_WASH_CFB_v1.0_2026-09-26T12:27:37.657334+00:00,2026_CFB_W04_MINN_WASH,CFB_v1.0,2026-09-27T03:44:31.176688+00:00
2026_NFL_W03_LAC_BUF_NFL_v1.0_2026-09-27T12:28:41.715449+00:00,2026_NFL_W03_LAC_BUF,NFL_v1.0,2026-09-27T17:41:53.510151+00:00
2026_NFL_W03_CAR_CLE_NFL_v1.0_2026-09-27T12:28:41.715449+00:00,2026_NFL_W03_CAR_CLE,NFL_v1.0,2026-09-27T17:41:53.510151+00:00
2026_NFL_W03_NYJ_DET_NFL_v1.0_2026-09-27T12:28:41.715449+00:00,2026_NFL_W03_NYJ_DET,NFL_v1.0,2026-09-27T17:41:53.510151+00:00
2026_NFL_W03_HOU_IND_NFL_v1.0_2026-09-27T12:28:41.715449+00:00,2026_NFL_W03_HOU_IND,NFL_v1.0,2026-09-27T17:41:53.510151+00:00
2026_NFL_W03_NE_JAX_NFL_v1.0_2026-09-27T12:28:41.715449+00:00,2026_NFL_W03_NE_JAX,NFL_v1.0,2026-09-27T17:41:53.510151+00:00
2026_NFL_W03_KC_MIA_NFL_v1.0_2026-09-27T12:28:41.715449+00:00,2026_NFL_W03_KC_MIA,NFL_v1.0,2026-09-27T17:41:53.510151+00:00
2026_NFL_W03_TEN_NYG_NFL_v1.0_2026-09-27T12:28:41.715449+00:00,2026_NFL_W03_TEN_NYG,NFL_v1.0,2026-09-27T17:41:53.510151+00:00
2026_NFL_W03_CIN_PIT_NFL_v1.0_2026-09-27T12:28:41.715449+00:00,2026_NFL_W03_CIN_PIT,NFL_v1.0,2026-09-27T17:41:53.510151+00:00
2026_NFL_W03_SEA_WAS_NFL_v1.0_2026-09-27T12:28:41.715449+00:00,2026_NFL_W03_SEA_WAS,NFL_v1.0,2026-09-27T17:41:53.510151+00:00
2026_NFL_W03_ARI_SF_NFL_v1.0_2026-09-27T12:28:41.715449+00:00,2026_NFL_W03_ARI_SF,NFL_v1.0,2026-09-27T20:42:32.124454+00:00
2026_NFL_W03_MIN_TB_NFL_v1.0_2026-09-27T12:28:41.715449+00:00,2026_NFL_W03_MIN_TB,NFL_v1.0,2026-09-27T20:42:32.124454+00:00
2026_NFL_W03_BAL_DAL_NFL_v1.0_2026-09-27T12:28:41.715449+00:00,2026_NFL_W03_BAL_DAL,NFL_v1.0,2026-09-27T20:42:32.124454+00:00
2026_NFL_W03_LV_NO_NFL_v1.0_2026-09-27T12:28:41.715449+00:00,2026_NFL_W03_LV_NO,NFL_v1.0,2026-09-27T20:42:32.124454+00:00
2026_NFL_W03_LAR_DEN_NFL_v1.0_2026-09-27T12:28:41.715449+00:00,2026_NFL_W03_LAR_DEN,NFL_v1.0,2026-09-28T00:49:55.638446+00:00
2026_NFL_W03_PHI_CHI_NFL_v1.0_2026-09-28T12:32:29.160862+00:00,2026_NFL_W03_PHI_CHI,NFL_v1.0,2026-09-29T00:50:24.339120+00:00
2026_NFL_W04_PIT_CLE_NFL_v1.0_2026-10-01T12:34:13.336114+00:00,2026_NFL_W04_PIT_CLE,NFL_v1.0,2026-10-02T00:50:36.103097+00:00
2026_CFB_W05_WKU_NMSU_CFB_v1.0_2026-10-01T12:34:14.113858+00:00,2026_CFB_W05_WKU_NMSU,CFB_v1.0,2026-10-02T00:50:36.103097+00:00
2026_CFB_W05_UNT_TLSA_CFB_v1.0_2026-10-01T12:34:14.113858+00:00,2026_CFB_W05_UNT_TLSA,CFB_v1.0,2026-10-02T01:45:56.375281+00:00
2026_CFB_W05_LIB_DEL_CFB_v1.0_2026-10-02T12:32:20.914175+00:00,2026_CFB_W05_LIB_DEL,CFB_v1.0,2026-10-03T02:16:16.864216+00:00
2026_CFB_W05_PITT_VT_CFB_v1.0_2026-10-02T12:32:20.914175+00:00,2026_CFB_W05_PITT_VT,CFB_v1.0,2026-10-03T02:16:16.864216+00:00
2026_CFB_W05_PSU_NU_CFB_v1.0_2026-10-02T12:32:20.914175+00:00,2026_CFB_W05_PSU_NU,CFB_v1.0,2026-10-03T02:16:16.864216+00:00
2026_CFB_W05_MEM_CLT_CFB_v1.0_2026-10-02T12:32:20.914175+00:00,2026_CFB_W05_MEM_CLT,CFB_v1.0,2026-10-03T15:04:02.227439+00:00
2026_CFB_W05_ALA_MSST_CFB_v1.0_2026-10-03T15:04:00.875088+00:00,2026_CFB_W05_ALA_MSST,CFB_v1.0,2026-10-03T18:08:11.116070+00:00
2026_CFB_W05_VAN_UGA_CFB_v1.0_2026-10-03T15:04:00.875088+00:00,2026_CFB_W05_VAN_UGA,CFB_v1.0,2026-10-03T18:08:11.116070+00:00
2026_CFB_W05_WVU_ISU_CFB_v1.0_2026-10-03T15:04:00.875088+00:00,2026_CFB_W05_WVU_ISU,CFB_v1.0,2026-10-03T18:08:11.116070+00:00
2026_CFB_W05_BC_SMU_CFB_v1.0_2026-10-03T15:04:00.875088+00:00,2026_CFB_W05_BC_SMU,CFB_v1.0,2026-10-03T18:08:11.116070+00:00
2026_CFB_W05_MTSU_KU_CFB_v1.0_2026-10-03T15:04:00.875088+00:00,2026_CFB_W05_MTSU_KU,CFB_v1.0,2026-10-03T18:08:11.116070+00:00
2026_CFB_W05_MSU_WIS_CFB_v1.0_2026-10-03T15:04:00.875088+00:00,2026_CFB_W05_MSU_WIS,CFB_v1.0,2026-10-03T18:08:11.116070+00:00
2026_CFB_W05_MICH_MINN_CFB_v1.0_2026-10-03T15:04:00.875088+00:00,2026_CFB_W05_MICH_MINN,CFB_v1.0,2026-10-03T18:08:11.116070+00:00
2026_CFB_W05_STAN_WAKE_CFB_v1.0_2026-10-03T15:04:00.875088+00:00,2026_CFB_W05_STAN_WAKE,CFB_v1.0,2026-10-03T18:08:11.116070+00:00
2026_CFB_W05_TOL_BALL_CFB_v1.0_2026-10-03T15:04:00.875088+00:00,2026_CFB_W05_TOL_BALL,CFB_v1.0,2026-10-03T18:08:11.116070+00:00
2026_CFB_W05_WMU_BUF_CFB_v1.0_2026-10-03T15:04:00.875088+00:00,2026_CFB_W05_WMU_BUF,CFB_v1.0,2026-10-03T18:08:11.116070+00:00
2026_CFB_W05_ND_UNC_CFB_v1.0_2026-10-03T15:04:00.875088+00:00,2026_CFB_W05_ND_UNC,CFB_v1.0,2026-10-03T18:08:11.116070+00:00
2026_CFB_W05_UCF_HOU_CFB_v1.0_2026-10-03T15:04:00.875088+00:00,2026_CFB_W05_UCF_HOU,CFB_v1.0,2026-10-03T18:08:11.116070+00:00
2026_CFB_W05_NAVY_AF_CFB_v1.0_2026-10-03T15:04:00.875088+00:00,2026_CFB_W05_NAVY_AF,CFB_v1.0,2026-10-03T18:08:11.116070+00:00
2026_CFB_W05_SYR_CONN_CFB_v1.0_2026-10-03T15:04:00.875088+00:00,2026_CFB_W05_SYR_CONN,CFB_v1.0,2026-10-03T18:08:11.116070+00:00
2026_CFB_W05_ODU_GAST_CFB_v1.0_2026-10-03T15:04:00.875088+00:00,2026_CFB_W05_ODU_GAST,CFB_v1.0,2026-10-03T21:41:33.637830+00:00
2026_CFB_W05_AKR_CMU_CFB_v1.0_2026-10-03T15:04:00.875088+00:00,2026_CFB_W05_AKR_CMU,CFB_v1.0,2026-10-03T21:41:33.637830+00:00
2026_CFB_W05_FLA_MIZ_CFB_v1.0_2026-10-03T15:04:00.875088+00:00,2026_CFB_W05_FLA_MIZ,CFB_v1.0,2026-10-03T21:41:33.637830+00:00
2026_CFB_W05_MRSH_JMU_CFB_v1.0_2026-10-03T15:04:00.875088+00:00,2026_CFB_W05_MRSH_JMU,CFB_v1.0,2026-10-03T21:41:33.637830+00:00
2026_CFB_W05_OHIO_KENT_CFB_v1.0_2026-10-03T15:04:00.875088+00:00,2026_CFB_W05_OHIO_KENT,CFB_v1.0,2026-10-03T21:41:33.637830+00:00
2026_CFB_W05_MD_NEB_CFB_v1.0_2026-10-03T15:04:00.875088+00:00,2026_CFB_W05_MD_NEB,CFB_v1.0,2026-10-03T21:41:33.637830+00:00
2026_CFB_W05_UVA_FSU_CFB_v1.0_2026-10-03T15:04:00.875088+00:00,2026_CFB_W05_UVA_FSU,CFB_v1.0,2026-10-03T21:41:33.637830+00:00
2026_CFB_W05_OSU_IOWA_CFB_v1.0_2026-10-03T15:04:00.875088+00:00,2026_CFB_W05_OSU_IOWA,CFB_v1.0,2026-10-03T21:41:33.637830+00:00
2026_CFB_W05_PUR_ILL_CFB_v1.0_2026-10-03T15:04:00.875088+00:00,2026_CFB_W05_PUR_ILL,CFB_v1.0,2026-10-03T21:41:33.637830+00:00
2026_CFB_W05_BGSU_MOH_CFB_v1.0_2026-10-03T15:04:00.875088+00:00,2026_CFB_W05_BGSU_MOH,CFB_v1.0,2026-10-03T21:41:33.637830+00:00
2026_CFB_W05_EMU_MASS_CFB_v1.0_2026-10-03T15:04:00.875088+00:00,2026_CFB_W05_EMU_MASS,CFB_v1.0,2026-10-03T21:41:33.637830+00:00
2026_CFB_W05_UTEP_UNM_CFB_v1.0_2026-10-03T15:04:00.875088+00:00,2026_CFB_W05_UTEP_UNM,CFB_v1.0,2026-10-03T21:41:33.637830+00:00
2026_CFB_W05_LOU_NCSU_CFB_v1.0_2026-10-03T15:04:00.875088+00:00,2026_CFB_W05_LOU_NCSU,CFB_v1.0,2026-10-03T21:41:33.637830+00:00
2026_CFB_W05_AUB_TENN_CFB_v1.0_2026-10-03T15:04:00.875088+00:00,2026_CFB_W05_AUB_TENN,CFB_v1.0,2026-10-03T21:41:33.637830+00:00
2026_CFB_W05_UK_SC_CFB_v1.0_2026-10-03T15:04:00.875088+00:00,2026_CFB_W05_UK_SC,CFB_v1.0,2026-10-03T21:41:33.637830+00:00
2026_CFB_W05_CAL_UNLV_CFB_v1.0_2026-10-02T12:32:20.914175+00:00,2026_CFB_W05_CAL_UNLV,CFB_v1.0,2026-10-03T21:41:33.637830+00:00
2026_CFB_W05_WYO_NDSU_CFB_v1.0_2026-10-03T15:04:00.875088+00:00,2026_CFB_W05_WYO_NDSU,CFB_v1.0,2026-10-03T21:41:33.637830+00:00
2026_CFB_W05_MIA_CLEM_CFB_v1.0_2026-10-03T15:04:00.875088+00:00,2026_CFB_W05_MIA_CLEM,CFB_v1.0,2026-10-04T01:56:14.402701+00:00
2026_CFB_W05_ARST_UL_CFB_v1.0_2026-10-03T15:04:00.875088+00:00,2026_CFB_W05_ARST_UL,CFB_v1.0,2026-10-04T01:56:14.402701+00:00
2026_CFB_W05_GASO_CCU_CFB_v1.0_2026-10-03T15:04:00.875088+00:00,2026_CFB_W05_GASO_CCU,CFB_v1.0,2026-10-04T01:56:14.402701+00:00
2026_CFB_W05_ULM_USA_CFB_v1.0_2026-10-03T15:04:00.875088+00:00,2026_CFB_W05_ULM_USA,CFB_v1.0,2026-10-04T01:56:14.402701+00:00
2026_CFB_W05_TTU_COLO_CFB_v1.0_2026-10-03T15:04:00.875088+00:00,2026_CFB_W05_TTU_COLO,CFB_v1.0,2026-10-04T01:56:14.402701+00:00
2026_CFB_W05_ARMY_LT_CFB_v1.0_2026-10-03T15:04:00.875088+00:00,2026_CFB_W05_ARMY_LT,CFB_v1.0,2026-10-04T01:56:14.402701+00:00
2026_CFB_W05_TEM_USF_CFB_v1.0_2026-10-03T15:04:00.875088+00:00,2026_CFB_W05_TEM_USF,CFB_v1.0,2026-10-04T01:56:14.402701+00:00
2026_CFB_W05_UTSA_RICE_CFB_v1.0_2026-10-03T15:04:00.875088+00:00,2026_CFB_W05_UTSA_RICE,CFB_v1.0,2026-10-04T01:56:14.402701+00:00
2026_CFB_W05_WASH_USC_CFB_v1.0_2026-10-03T15:04:00.875088+00:00,2026_CFB_W05_WASH_USC,CFB_v1.0,2026-10-04T01:56:14.402701+00:00
2026_CFB_W05_ARK_TAM_CFB_v1.0_2026-10-03T15:04:00.875088+00:00,2026_CFB_W05_ARK_TAM,CFB_v1.0,2026-10-04T01:56:14.402701+00:00
2026_CFB_W05_BYU_TCU_CFB_v1.0_2026-10-03T15:04:00.875088+00:00,2026_CFB_W05_BYU_TCU,CFB_v1.0,2026-10-04T01:56:14.402701+00:00
2026_CFB_W05_ORST_CSU_CFB_v1.0_2026-10-03T15:04:00.875088+00:00,2026_CFB_W05_ORST_CSU,CFB_v1.0,2026-10-04T01:56:14.402701+00:00
2026_CFB_W05_USU_BOIS_CFB_v1.0_2026-10-03T15:04:00.875088+00:00,2026_CFB_W05_USU_BOIS,CFB_v1.0,2026-10-04T01:56:14.402701+00:00
2026_CFB_W05_IU_RUTG_CFB_v1.0_2026-10-03T15:04:00.875088+00:00,2026_CFB_W05_IU_RUTG,CFB_v1.0,2026-10-04T01:56:14.402701+00:00
2026_CFB_W05_FRES_WSU_CFB_v1.0_2026-10-03T15:04:00.875088+00:00,2026_CFB_W05_FRES_WSU,CFB_v1.0,2026-10-04T01:56:14.402701+00:00
2026_CFB_W05_CIN_ARIZ_CFB_v1.0_2026-10-03T15:04:00.875088+00:00,2026_CFB_W05_CIN_ARIZ,CFB_v1.0,2026-10-04T08:41:43.473610+00:00
2026_CFB_W05_BAY_ASU_CFB_v1.0_2026-10-03T15:04:00.875088+00:00,2026_CFB_W05_BAY_ASU,CFB_v1.0,2026-10-04T08:41:43.473610+00:00
2026_CFB_W05_TXST_SDSU_CFB_v1.0_2026-10-03T15:04:00.875088+00:00,2026_CFB_W05_TXST_SDSU,CFB_v1.0,2026-10-04T08:41:43.473610+00:00
2026_CFB_W05_SJSU_HAW_CFB_v1.0_2026-10-03T15:04:00.875088+00:00,2026_CFB_W05_SJSU_HAW,CFB_v1.0,2026-10-04T08:41:43.473610+00:00
2026_NFL_W04_IND_WAS_NFL_v1.0_2026-10-03T15:03:59.947858+00:00,2026_NFL_W04_IND_WAS,NFL_v1.0,2026-10-04T14:56:54.422603+00:00
2026_NFL_W04_TEN_BAL_NFL_v1.0_2026-10-04T16:50:53.978052+00:00,2026_NFL_W04_TEN_BAL,NFL_v1.0,2026-10-04T18:45:03.146571+00:00
2026_NFL_W04_NE_BUF_NFL_v1.0_2026-10-04T16:50:53.978052+00:00,2026_NFL_W04_NE_BUF,NFL_v1.0,2026-10-04T18:45:03.146571+00:00
2026_NFL_W04_NYJ_CHI_NFL_v1.0_2026-10-04T16:50:53.978052+00:00,2026_NFL_W04_NYJ_CHI,NFL_v1.0,2026-10-04T18:45:03.146571+00:00
2026_NFL_W04_JAX_CIN_NFL_v1.0_2026-10-04T16:50:53.978052+00:00,2026_NFL_W04_JAX_CIN,NFL_v1.0,2026-10-04T18:45:03.146571+00:00
2026_NFL_W04_DAL_HOU_NFL_v1.0_2026-10-04T16:50:53.978052+00:00,2026_NFL_W04_DAL_HOU,NFL_v1.0,2026-10-04T18:45:03.146571+00:00
2026_NFL_W04_ARI_NYG_NFL_v1.0_2026-10-04T16:50:53.978052+00:00,2026_NFL_W04_ARI_NYG,NFL_v1.0,2026-10-04T18:45:03.146571+00:00
2026_NFL_W04_LAR_PHI_NFL_v1.0_2026-10-04T16:50:53.978052+00:00,2026_NFL_W04_LAR_PHI,NFL_v1.0,2026-10-04T18:45:03.146571+00:00
2026_NFL_W04_GB_TB_NFL_v1.0_2026-10-04T16:50:53.978052+00:00,2026_NFL_W04_GB_TB,NFL_v1.0,2026-10-04T18:45:03.146571+00:00
2026_NFL_W04_MIA_MIN_NFL_v1.0_2026-10-03T15:03:59.947858+00:00,2026_NFL_W04_MIA_MIN,NFL_v1.0,2026-10-04T22:28:27.914410+00:00
2026_NFL_W04_KC_LV_NFL_v1.0_2026-10-02T12:32:20.188609+00:00,2026_NFL_W04_KC_LV,NFL_v1.0,2026-10-04T22:28:27.914410+00:00
2026_NFL_W04_LAC_SEA_NFL_v1.0_2026-10-04T16:50:53.978052+00:00,2026_NFL_W04_LAC_SEA,NFL_v1.0,2026-10-04T22:28:27.914410+00:00
2026_NFL_W04_DEN_SF_NFL_v1.0_2026-10-04T16:50:53.978052+00:00,2026_NFL_W04_DEN_SF,NFL_v1.0,2026-10-04T22:28:27.914410+00:00
2026_NFL_W04_DET_CAR_NFL_v1.0_2026-10-04T16:50:53.978052+00:00,2026_NFL_W04_DET_CAR,NFL_v1.0,2026-10-05T01:12:13.868917+00:00
2026_NFL_W04_ATL_NO_NFL_v1.0_2026-10-04T16:50:53.978052+00:00,2026_NFL_W04_ATL_NO,NFL_v1.0,2026-10-06T03:16:45.750809+00:00
2026_CFB_W06_USM_TROY_CFB_v1.0_2026-10-06T18:20:08.278794+00:00,2026_CFB_W06_USM_TROY,CFB_v1.0,2026-10-07T01:45:49.292260+00:00
2026_CFB_W06_JXST_KENN_CFB_v1.0_2026-10-07T18:56:01.090497+00:00,2026_CFB_W06_JXST_KENN,CFB_v1.0,2026-10-08T02:13:25.988659+00:00
2026_CFB_W06_NMSU_FIU_CFB_v1.0_2026-10-07T18:56:01.090497+00:00,2026_CFB_W06_NMSU_FIU,CFB_v1.0,2026-10-08T02:13:25.988659+00:00
2026_NFL_W05_TB_DAL_NFL_v1.0_2026-10-08T18:50:19.474445+00:00,2026_NFL_W05_TB_DAL,NFL_v1.0,2026-10-09T02:28:17.542854+00:00
2026_CFB_W06_SHSU_LIB_CFB_v1.0_2026-10-08T18:50:20.048609+00:00,2026_CFB_W06_SHSU_LIB,CFB_v1.0,2026-10-09T02:28:17.542854+00:00
2026_CFB_W06_MOST_WKU_CFB_v1.0_2026-10-08T18:50:20.048609+00:00,2026_CFB_W06_MOST_WKU,CFB_v1.0,2026-10-09T02:28:17.542854+00:00
2026_CFB_W06_USF_UTSA_CFB_v1.0_2026-10-07T18:56:01.090497+00:00,2026_CFB_W06_USF_UTSA,CFB_v1.0,2026-10-09T02:28:17.542854+00:00
2026_CFB_W06_USA_ARST_CFB_v1.0_2026-10-08T18:50:20.048609+00:00,2026_CFB_W06_USA_ARST,CFB_v1.0,2026-10-09T02:28:17.542854+00:00
2026_CFB_W06_FSU_LOU_CFB_v1.0_2026-10-09T18:20:42.242233+00:00,2026_CFB_W06_FSU_LOU,CFB_v1.0,2026-10-10T01:53:18.249239+00:00
2026_CFB_W06_IOWA_WASH_CFB_v1.0_2026-10-09T18:20:42.242233+00:00,2026_CFB_W06_IOWA_WASH,CFB_v1.0,2026-10-10T01:53:18.249239+00:00
2026_CFB_W06_WYO_SJSU_CFB_v1.0_2026-10-09T18:20:42.242233+00:00,2026_CFB_W06_WYO_SJSU,CFB_v1.0,2026-10-10T01:53:18.249239+00:00
2026_CFB_W06_WSU_USU_CFB_v1.0_2026-10-09T18:20:42.242233+00:00,2026_CFB_W06_WSU_USU,CFB_v1.0,2026-10-10T01:53:18.249239+00:00
2026_CFB_W06_ISU_BYU_CFB_v1.0_2026-10-09T18:20:42.242233+00:00,2026_CFB_W06_ISU_BYU,CFB_v1.0,2026-10-10T08:52:25.285557+00:00
2026_CFB_W06_RICE_ECU_CFB_v1.0_2026-10-09T18:20:42.242233+00:00,2026_CFB_W06_RICE_ECU,CFB_v1.0,2026-10-10T17:20:11.126888+00:00
2026_CFB_W06_SAC_BGSU_CFB_v1.0_2026-10-09T18:20:42.242233+00:00,2026_CFB_W06_SAC_BGSU,CFB_v1.0,2026-10-10T17:20:11.126888+00:00
2026_CFB_W06_UCF_OKST_CFB_v1.0_2026-10-09T18:20:42.242233+00:00,2026_CFB_W06_UCF_OKST,CFB_v1.0,2026-10-10T17:20:11.126888+00:00
2026_CFB_W06_ARIZ_WVU_CFB_v1.0_2026-10-09T18:20:42.242233+00:00,2026_CFB_W06_ARIZ_WVU,CFB_v1.0,2026-10-10T17:20:11.126888+00:00
2026_CFB_W06_BALL_NU_CFB_v1.0_2026-10-09T18:20:42.242233+00:00,2026_CFB_W06_BALL_NU,CFB_v1.0,2026-10-10T17:20:11.126888+00:00
2026_CFB_W06_IU_NEB_CFB_v1.0_2026-10-09T18:20:42.242233+00:00,2026_CFB_W06_IU_NEB,CFB_v1.0,2026-10-10T17:20:11.126888+00:00
2026_CFB_W06_WAKE_NCSU_CFB_v1.0_2026-10-09T18:20:42.242233+00:00,2026_CFB_W06_WAKE_NCSU,CFB_v1.0,2026-10-10T17:20:11.126888+00:00
2026_CFB_W06_TAM_MIZ_CFB_v1.0_2026-10-09T18:20:42.242233+00:00,2026_CFB_W06_TAM_MIZ,CFB_v1.0,2026-10-10T17:20:11.126888+00:00
2026_CFB_W06_SC_FLA_CFB_v1.0_2026-10-09T18:20:42.242233+00:00,2026_CFB_W06_SC_FLA,CFB_v1.0,2026-10-10T17:20:11.126888+00:00
2026_CFB_W06_UNC_PITT_CFB_v1.0_2026-10-09T18:20:42.242233+00:00,2026_CFB_W06_UNC_PITT,CFB_v1.0,2026-10-10T17:20:11.126888+00:00
2026_CFB_W06_ODU_APP_CFB_v1.0_2026-10-09T18:20:42.242233+00:00,2026_CFB_W06_ODU_APP,CFB_v1.0,2026-10-10T17:20:11.126888+00:00
2026_CFB_W06_TULN_ARMY_CFB_v1.0_2026-10-09T18:20:42.242233+00:00,2026_CFB_W06_TULN_ARMY,CFB_v1.0,2026-10-10T17:20:11.126888+00:00
2026_CFB_W06_CLT_UNT_CFB_v1.0_2026-10-10T17:20:10.238875+00:00,2026_CFB_W06_CLT_UNT,CFB_v1.0,2026-10-10T20:16:28.669930+00:00
2026_CFB_W06_DUKE_GT_CFB_v1.0_2026-10-10T17:20:10.238875+00:00,2026_CFB_W06_DUKE_GT,CFB_v1.0,2026-10-10T20:16:28.669930+00:00
2026_CFB_W06_HOU_KSU_CFB_v1.0_2026-10-09T18:20:42.242233+00:00,2026_CFB_W06_HOU_KSU,CFB_v1.0,2026-10-10T20:16:28.669930+00:00
2026_CFB_W06_UCLA_ORE_CFB_v1.0_2026-10-10T17:20:10.238875+00:00,2026_CFB_W06_UCLA_ORE,CFB_v1.0,2026-10-10T20:16:28.669930+00:00
2026_CFB_W06_MD_OSU_CFB_v1.0_2026-10-10T17:20:10.238875+00:00,2026_CFB_W06_MD_OSU,CFB_v1.0,2026-10-10T20:16:28.669930+00:00
2026_CFB_W06_VT_CAL_CFB_v1.0_2026-10-10T17:20:10.238875+00:00,2026_CFB_W06_VT_CAL,CFB_v1.0,2026-10-10T20:16:28.669930+00:00
2026_CFB_W06_MISS_VAN_CFB_v1.0_2026-10-10T17:20:10.238875+00:00,2026_CFB_W06_MISS_VAN,CFB_v1.0,2026-10-10T20:16:28.669930+00:00
2026_CFB_W06_MOH_MASS_CFB_v1.0_2026-10-10T17:20:10.238875+00:00,2026_CFB_W06_MOH_MASS,CFB_v1.0,2026-10-10T20:16:28.669930+00:00
2026_CFB_W06_TENN_ARK_CFB_v1.0_2026-10-10T17:20:10.238875+00:00,2026_CFB_W06_TENN_ARK,CFB_v1.0,2026-10-10T20:16:28.669930+00:00
2026_CFB_W06_ILL_MSU_CFB_v1.0_2026-10-10T17:20:10.238875+00:00,2026_CFB_W06_ILL_MSU,CFB_v1.0,2026-10-10T20:16:28.669930+00:00
2026_CFB_W06_KENT_WMU_CFB_v1.0_2026-10-10T17:20:10.238875+00:00,2026_CFB_W06_KENT_WMU,CFB_v1.0,2026-10-10T20:16:28.669930+00:00
2026_CFB_W06_CMU_OHIO_CFB_v1.0_2026-10-10T17:20:10.238875+00:00,2026_CFB_W06_CMU_OHIO,CFB_v1.0,2026-10-10T20:16:28.669930+00:00
2026_CFB_W06_BUF_TOL_CFB_v1.0_2026-10-10T17:20:10.238875+00:00,2026_CFB_W06_BUF_TOL,CFB_v1.0,2026-10-10T20:16:28.669930+00:00
2026_CFB_W06_CONN_TEM_CFB_v1.0_2026-10-10T17:20:10.238875+00:00,2026_CFB_W06_CONN_TEM,CFB_v1.0,2026-10-10T20:16:28.669930+00:00
2026_CFB_W06_STAN_ND_CFB_v1.0_2026-10-10T17:20:10.238875+00:00,2026_CFB_W06_STAN_ND,CFB_v1.0,2026-10-10T20:16:28.669930+00:00
2026_CFB_W06_TEX_OU_CFB_v1.0_2026-10-10T17:20:10.238875+00:00,2026_CFB_W06_TEX_OU,CFB_v1.0,2026-10-10T20:16:28.669930+00:00
2026_CFB_W06_TLSA_NAVY_CFB_v1.0_2026-10-10T17:20:10.238875+00:00,2026_CFB_W06_TLSA_NAVY,CFB_v1.0,2026-10-10T20:16:28.669930+00:00
2026_CFB_W06_EMU_AKR_CFB_v1.0_2026-10-10T17:20:10.238875+00:00,2026_CFB_W06_EMU_AKR,CFB_v1.0,2026-10-10T20:16:28.669930+00:00
2026_CFB_W06_NEV_UTEP_CFB_v1.0_2026-10-10T17:20:10.238875+00:00,2026_CFB_W06_NEV_UTEP,CFB_v1.0,2026-10-10T23:46:02.552504+00:00
2026_CFB_W06_USC_PSU_CFB_v1.0_2026-10-10T17:20:10.238875+00:00,2026_CFB_W06_USC_PSU,CFB_v1.0,2026-10-10T23:46:02.552504+00:00
2026_CFB_W06_UL_LT_CFB_v1.0_2026-10-10T17:20:10.238875+00:00,2026_CFB_W06_UL_LT,CFB_v1.0,2026-10-10T23:46:02.552504+00:00
2026_CFB_W06_JMU_GASO_CFB_v1.0_2026-10-10T17:20:10.238875+00:00,2026_CFB_W06_JMU_GASO,CFB_v1.0,2026-10-10T23:46:02.552504+00:00
2026_CFB_W06_CCU_MRSH_CFB_v1.0_2026-10-10T17:20:10.238875+00:00,2026_CFB_W06_CCU_MRSH,CFB_v1.0,2026-10-10T23:46:02.552504+00:00
2026_CFB_W06_SYR_UVA_CFB_v1.0_2026-10-10T17:20:10.238875+00:00,2026_CFB_W06_SYR_UVA,CFB_v1.0,2026-10-10T23:46:02.552504+00:00
2026_CFB_W06_UGA_ALA_CFB_v1.0_2026-10-10T17:20:10.238875+00:00,2026_CFB_W06_UGA_ALA,CFB_v1.0,2026-10-10T23:46:02.552504+00:00
2026_CFB_W06_LSU_UK_CFB_v1.0_2026-10-10T17:20:10.238875+00:00,2026_CFB_W06_LSU_UK,CFB_v1.0,2026-10-10T23:46:02.552504+00:00
2026_CFB_W06_UAB_MEM_CFB_v1.0_2026-10-10T17:20:10.238875+00:00,2026_CFB_W06_UAB_MEM,CFB_v1.0,2026-10-10T23:46:02.552504+00:00
2026_CFB_W06_SDSU_ORST_CFB_v1.0_2026-10-10T17:20:10.238875+00:00,2026_CFB_W06_SDSU_ORST,CFB_v1.0,2026-10-10T23:46:02.552504+00:00
2026_CFB_W06_NDSU_UNLV_CFB_v1.0_2026-10-10T17:20:10.238875+00:00,2026_CFB_W06_NDSU_UNLV,CFB_v1.0,2026-10-10T23:46:02.552504+00:00
2026_CFB_W06_AF_NIU_CFB_v1.0_2026-10-10T17:20:10.238875+00:00,2026_CFB_W06_AF_NIU,CFB_v1.0,2026-10-10T23:46:02.552504+00:00
