game_id,locked_at,prediction_id,model_version,snapshot_path,snapshot_sha256,closing_spread_home,closing_total,closing_ml_home,closing_ml_away,closing_book,weather_snapshot_ts,injuries_as_of,had_prediction
2026_CFB_W01_ORST_HOU,2026-09-07T04:38:52.112201+00:00,,,data/snapshots/pregame_2026_CFB_W01_ORST_HOU.json,879efaf4ad8b8c3bbb734868afdd04a6506f735b5a7ec70dbaf4a60cfa827154,-21.0,50.5,-1450.0,850.0,draftkings,,,False
2026_CFB_W01_ECU_ALA,2026-09-07T04:38:52.112201+00:00,,,data/snapshots/pregame_2026_CFB_W01_ECU_ALA.json,10631719e26924716976badcb9aa055332d1b89b889455454b58f17fb3279ad3,-27.5,52.5,-6500.0,2000.0,draftkings,,,False
2026_CFB_W01_FCS160_SYR,2026-09-07T04:38:52.112201+00:00,,,data/snapshots/pregame_2026_CFB_W01_FCS160_SYR.json,bdd116d0a5051941ffcbab28ced01c82332054d8e2d1bdf50e604966598c0fba,-34.5,55.5,,,bovada,,,False
2026_CFB_W01_OHIO_NEB,2026-09-07T04:38:52.112201+00:00,,,data/snapshots/pregame_2026_CFB_W01_OHIO_NEB.json,9979dfcb1169edde738a374d1bf9dbbcaa53a0b8a206d781f9fd443e410c5aa1,-24.5,47.5,-2100.0,1100.0,draftkings,,,False
2026_CFB_W01_UNT_IU,2026-09-07T04:38:52.112201+00:00,,,data/snapshots/pregame_2026_CFB_W01_UNT_IU.json,ae47e6ad84d6f4b8c5a4ee8c594d2c724f1544d646b70670e571f8f277ddeb85,-40.5,56.5,,,draftkings,,,False
2026_CFB_W01_FCS322_CONN,2026-09-07T04:38:52.112201+00:00,,,data/snapshots/pregame_2026_CFB_W01_FCS322_CONN.json,91d4f7a58183abe343da65a77cf47a18bc20105bd399c99f688fc8954650db2d,-21.5,52.5,-1800.0,1000.0,draftkings,,,False
2026_CFB_W01_CCU_WVU,2026-09-07T04:38:52.112201+00:00,,,data/snapshots/pregame_2026_CFB_W01_CCU_WVU.json,c41a6c38df5b642218994e9bd068b64247d52b898c903a1979f7f78bf683bb15,-21.0,54.5,-1450.0,850.0,draftkings,,,False
2026_CFB_W01_LIB_JMU,2026-09-07T04:38:52.112201+00:00,,,data/snapshots/pregame_2026_CFB_W01_LIB_JMU.json,84b13a434ea4e3e7c648a8ab3d20a09db81a98c681e87bc49564fe48bcfa298b,-6.0,50.5,-225.0,185.0,draftkings,,,False
2026_CFB_W01_FCS2627_BGSU,2026-09-07T04:38:52.112201+00:00,,,data/snapshots/pregame_2026_CFB_W01_FCS2627_BGSU.json,5ed4bd485ed50264585e5c93a190c4da6b859d105ded5f2c242df4bcc5f4de82,-2.5,49.5,-130.0,110.0,draftkings,,,False
2026_CFB_W01_FCS2803_ARMY,2026-09-07T04:38:52.112201+00:00,,,data/snapshots/pregame_2026_CFB_W01_FCS2803_ARMY.json,17752af8324b44a5c9a23ed3bf95ebc402c585e6d75be9dd2c132c30a00e5b5e,-37.5,51.5,,,draftkings,,,False
2026_CFB_W01_MOH_PITT,2026-09-07T04:38:52.112201+00:00,,,data/snapshots/pregame_2026_CFB_W01_MOH_PITT.json,a65238d969f62fbb16e5b3f94f23451a76dfa7ef87a3779408840acc77c50832,-16.5,47.5,-850.0,575.0,draftkings,,,False
2026_CFB_W01_BALL_OSU,2026-09-07T04:38:52.112201+00:00,,,data/snapshots/pregame_2026_CFB_W01_BALL_OSU.json,46f184073da46048bc1871864422f48b8ce3ba63ab156d698a5d90270e70a83d,-49.5,55.5,,,draftkings,,,False
2026_CFB_W01_KENT_SC,2026-09-07T04:38:52.112201+00:00,,,data/snapshots/pregame_2026_CFB_W01_KENT_SC.json,b057153554075e4a68e4c126acd482a3412f27a8c422d49b4d58a064af6792dd,,,,,,,,False
2026_CFB_W01_FCS2546_ISU,2026-09-07T04:38:52.112201+00:00,,,data/snapshots/pregame_2026_CFB_W01_FCS2546_ISU.json,564b5e0e52269e6d8f61786a786ac0a1b47a58c6f89fb675078500d3f1b08e4a,-30.5,52.5,-9000.0,2500.0,draftkings,,,False
2026_CFB_W01_FCS2184_AF,2026-09-07T04:38:52.112201+00:00,,,data/snapshots/pregame_2026_CFB_W01_FCS2184_AF.json,9ea0c7738f678f83ea54af907827db7004128c2959990c9d9971c930814d900f,-31.5,55.5,-6500.0,2000.0,draftkings,,,False
2026_CFB_W01_FCS2754_UK,2026-09-07T04:38:52.112201+00:00,,,data/snapshots/pregame_2026_CFB_W01_FCS2754_UK.json,b54131dd16847e240eed5ec173d96cf892025fc2e5d6610363096c6f1de2b081,-22.5,61.5,-1600.0,900.0,draftkings,,,False
2026_CFB_W01_FCS227_TEM,2026-09-07T04:38:52.112201+00:00,,,data/snapshots/pregame_2026_CFB_W01_FCS227_TEM.json,ebcc4dc3cb8a5b1a94db6d450492cd2e4b2d77d16db42dfeab25fd9065359b24,-14.5,51.5,-700.0,500.0,draftkings,,,False
2026_CFB_W01_FCS2634_UGA,2026-09-07T04:38:52.112201+00:00,,,data/snapshots/pregame_2026_CFB_W01_FCS2634_UGA.json,c18025632abec017a202b7c429f80c8f0cbd27337067a3e37be12a6e72d6ecb3,-49.5,55.5,,,draftkings,,,False
2026_CFB_W01_FCS311_APP,2026-09-07T04:38:52.112201+00:00,,,data/snapshots/pregame_2026_CFB_W01_FCS311_APP.json,f8ca19fb05b2eaed37fdda9abb3583ed282c39dca15bd315f5572b8640ca1633,-20.5,53.5,-1450.0,850.0,draftkings,,,False
2026_CFB_W01_BOIS_ORE,2026-09-07T04:38:52.112201+00:00,,,data/snapshots/pregame_2026_CFB_W01_BOIS_ORE.json,0716d0c70021d66527e87c21469e7a8c4866ae2730ef56cbc22878cd1b70b934,-24.5,52.5,-2400.0,1200.0,draftkings,,,False
2026_CFB_W01_TULN_DUKE,2026-09-07T04:38:52.112201+00:00,,,data/snapshots/pregame_2026_CFB_W01_TULN_DUKE.json,c85ef4b1942777469e1662f9cfa48820eb4e9910b2b437ee838bf3c29b82bfb0,-8.5,51.5,-380.0,300.0,draftkings,,,False
2026_CFB_W01_TXST_TEX,2026-09-07T04:38:52.112201+00:00,,,data/snapshots/pregame_2026_CFB_W01_TXST_TEX.json,ca22067d5370df50bb393f773edaf03b20bd5711be00cc5a57cca2aec34be2f3,-29.5,61.5,-9000.0,2500.0,draftkings,,,False
2026_CFB_W01_BC_CIN,2026-09-07T04:38:52.112201+00:00,,,data/snapshots/pregame_2026_CFB_W01_BC_CIN.json,7fb44a5dabb3b1511ae40428419c0c8d72a42b61d395aa303164a04a15fe52ac,-7.0,51.5,-278.0,225.0,draftkings,,,False
2026_CFB_W01_FCS231_TENN,2026-09-07T04:38:52.112201+00:00,,,data/snapshots/pregame_2026_CFB_W01_FCS231_TENN.json,706db5d4bd0bb1d19429b338d9eb227dae39a21261a81b93e9fb3cfedeb33aae,-49.5,66.5,,,draftkings,,,False
2026_CFB_W01_FCS2230_NDSU,2026-09-07T04:38:52.112201+00:00,,,data/snapshots/pregame_2026_CFB_W01_FCS2230_NDSU.json,c4a7c5071e0dc8b7381e607014837118721e40711f1d7b739ad452beb82fc0be,-41.5,54.5,,,draftkings,,,False
2026_CFB_W01_MRSH_PSU,2026-09-07T04:38:52.112201+00:00,,,data/snapshots/pregame_2026_CFB_W01_MRSH_PSU.json,7c6369d072d696add627549cdd0f0f1ccdc9c8e0f1c5de2c86a41b38e2d18039,-23.5,52.5,-1800.0,1000.0,draftkings,,,False
2026_CFB_W01_FCS292_UTSA,2026-09-07T04:38:52.112201+00:00,,,data/snapshots/pregame_2026_CFB_W01_FCS292_UTSA.json,72fbd1d042d041e218b825838537774ef9cda6d5e196978f3172ae1194a3244b,-28.5,59.5,-6500.0,2000.0,draftkings,,,False
2026_CFB_W01_FCS2643_CLT,2026-09-07T04:38:52.112201+00:00,,,data/snapshots/pregame_2026_CFB_W01_FCS2643_CLT.json,0ecadcc0ac8cae0a82e1b43cbf7ef3d0d3b8baeda83b23a564ba259611873a66,-20.5,49.5,-1650.0,950.0,draftkings,,,False
2026_CFB_W01_FCS119_NAVY,2026-09-07T04:38:52.112201+00:00,,,data/snapshots/pregame_2026_CFB_W01_FCS119_NAVY.json,f1a3049f9e1b9bbe99e6b2d4d623c5879a1dceea3129589abc8b347ea0fa127e,-31.5,50.5,,5000.0,draftkings,,,False
2026_CFB_W01_BAY_AUB,2026-09-07T04:38:52.112201+00:00,,,data/snapshots/pregame_2026_CFB_W01_BAY_AUB.json,cdb3703222985f7643b02d7cb26a422ca675b3712c6ab49d9d7d4bdd64a65ca7,-6.5,58.5,-270.0,220.0,draftkings,,,False
2026_CFB_W01_OKST_TLSA,2026-09-07T04:38:52.112201+00:00,,,data/snapshots/pregame_2026_CFB_W01_OKST_TLSA.json,3b3d3e1656e5d0f586c079e45823d093682f998e2590650e3f56cb97c9f6255a,13.5,57.5,410.0,-550.0,draftkings,,,False
2026_CFB_W01_NIU_IOWA,2026-09-07T04:38:52.112201+00:00,,,data/snapshots/pregame_2026_CFB_W01_NIU_IOWA.json,57e15eb2a8e96a7af4b3ff20350a453b6f67808a53dfe2fb88b5bcf7b25b28d3,-31.5,44.5,,4000.0,draftkings,,,False
2026_CFB_W01_FCS2453_ARK,2026-09-07T04:38:52.112201+00:00,,,data/snapshots/pregame_2026_CFB_W01_FCS2453_ARK.json,b86522d5888e06de0ec13129f9958681429335d9eeb9f1c203fca85024b72554,-40.5,63.5,,,draftkings,,,False
2026_CFB_W01_FCS2016_USM,2026-09-07T04:38:52.112201+00:00,,,data/snapshots/pregame_2026_CFB_W01_FCS2016_USM.json,8c7f83bf2637d4e3406b000b6dc27807a38d4c75e3ca7a5fda496f7f56186b62,-19.5,51.5,-1600.0,900.0,draftkings,,,False
2026_CFB_W01_FCS2450_ODU,2026-09-07T04:38:52.112201+00:00,,,data/snapshots/pregame_2026_CFB_W01_FCS2450_ODU.json,745638974c128cf8934f5bd61215f952c482003eee4fba07f44ef6f02b5ff216,-41.5,52.5,,,draftkings,,,False
2026_CFB_W01_WYO_CSU,2026-09-07T04:38:52.112201+00:00,,,data/snapshots/pregame_2026_CFB_W01_WYO_CSU.json,c03b1e12c7ca6d8dfd033cf3a5f1bb0421480a0dd7c559f080a47833f9e0e142,-3.0,46.5,-155.0,130.0,draftkings,,,False
2026_CFB_W01_FCS2127_GASO,2026-09-07T04:38:52.112201+00:00,,,data/snapshots/pregame_2026_CFB_W01_FCS2127_GASO.json,5f470ba11017063934e2479f7525f41aff17566d7ccaf03713399b10a415b360,-28.5,51.5,-5000.0,1800.0,draftkings,,,False
2026_CFB_W01_FCS2000_TTU,2026-09-07T04:38:52.112201+00:00,,,data/snapshots/pregame_2026_CFB_W01_FCS2000_TTU.json,f4530ad08e278ecfceba1c9d1baa22bcb47ebc8bf94620b4bac9b0d333b4692a,-44.5,59.5,,,draftkings,,,False
2026_CFB_W01_FCS2046_VAN,2026-09-07T04:38:52.112201+00:00,,,data/snapshots/pregame_2026_CFB_W01_FCS2046_VAN.json,71ca394795a11055d0de1761622c29ae28f4d2e72c1a49e024596942e0dca978,-28.5,58.5,-6500.0,2000.0,draftkings,,,False
2026_CFB_W01_FCS304_USU,2026-09-07T04:38:52.112201+00:00,,,data/snapshots/pregame_2026_CFB_W01_FCS304_USU.json,ec134cd4fcb27d660c677ec52dbea99888cae10297ffa1931e6f5acdd6b684d1,-15.5,59.5,-650.0,470.0,draftkings,,,False
2026_CFB_W01_FCS93_MTSU,2026-09-07T04:38:52.112201+00:00,,,data/snapshots/pregame_2026_CFB_W01_FCS93_MTSU.json,0723e5bba43e1388efea00eb6f55d020f165d89250a1c9514a50116e8343769f,-22.5,55.5,-2100.0,1100.0,draftkings,,,False
2026_CFB_W01_FIU_USF,2026-09-07T04:38:52.112201+00:00,,,data/snapshots/pregame_2026_CFB_W01_FIU_USF.json,1b1c3fae99ee9cfad6e8ebb9400270785278dd9cfc8021b5ce78116e71f39259,-14.5,53.5,-675.0,490.0,draftkings,,,False
2026_CFB_W01_FCS2447_KSU,2026-09-07T04:38:52.112201+00:00,,,data/snapshots/pregame_2026_CFB_W01_FCS2447_KSU.json,623096fc5fec42702d28fce9fa30f1adc7c2f1fcc3615d70afd3f1a59c2e2c9b,-41.5,54.5,,,draftkings,,,False
2026_CFB_W01_MOST_TAM,2026-09-07T04:38:52.112201+00:00,,,data/snapshots/pregame_2026_CFB_W01_MOST_TAM.json,e7b380baf243ab44ca6de470ca80ad9d0d0c4bbc4b74e38bc39b89c090bdfe70,-40.5,53.5,,,draftkings,,,False
2026_CFB_W01_FCS2198_JXST,2026-09-07T04:38:52.112201+00:00,,,data/snapshots/pregame_2026_CFB_W01_FCS2198_JXST.json,3cb08b4a17d13d52c5690b9d594efdf50e0e880e07dd0b414ff56b27ede2193a,-22.5,52.5,-2100.0,1100.0,draftkings,,,False
2026_CFB_W01_ARST_MEM,2026-09-07T04:38:52.112201+00:00,,,data/snapshots/pregame_2026_CFB_W01_ARST_MEM.json,bfa8e6903b49adfcbb77aab4a6392ad646286f13844d6e52213525e433ebbf0d,-10.5,52.5,-425.0,330.0,draftkings,,,False
2026_CFB_W01_SHSU_TROY,2026-09-07T04:38:52.112201+00:00,,,data/snapshots/pregame_2026_CFB_W01_SHSU_TROY.json,49fa395d3da03f907f15a423698f9c45c3bca4bc97065df9238d7fceba693526,-16.5,52.5,-850.0,575.0,draftkings,,,False
2026_CFB_W01_FCS2277_RICE,2026-09-07T04:38:52.112201+00:00,,,data/snapshots/pregame_2026_CFB_W01_FCS2277_RICE.json,95d7acdc40d8a246d9fcb89d4ad4e6046bed1070970e5f55be22e49645ca9e9e,-22.5,47.5,-3600.0,1500.0,draftkings,,,False
2026_CFB_W01_FCS2545_USA,2026-09-07T04:38:52.112201+00:00,,,data/snapshots/pregame_2026_CFB_W01_FCS2545_USA.json,d8118231964a23a357687cfb7f71643ec16b93afe76b1ebec8f7f7d036ea0670,-13.5,53.5,-575.0,425.0,draftkings,,,False
2026_CFB_W01_FCS2678_VT,2026-09-07T04:38:52.112201+00:00,,,data/snapshots/pregame_2026_CFB_W01_FCS2678_VT.json,95459cee34c873810c3b6e9c5ea23dec8f6ad51ab7857b7f8aac562f82e8325a,-54.5,61.5,,,draftkings,,,False
2026_CFB_W01_CLEM_LSU,2026-09-07T04:38:52.112201+00:00,,,data/snapshots/pregame_2026_CFB_W01_CLEM_LSU.json,65a1109f0ea3731a955c0c32545fd071fb4a98185e741035e662989cf2e6d7e4,-10.0,49.5,-360.0,285.0,draftkings,,,False
2026_CFB_W01_FCS2466_LT,2026-09-07T04:38:52.112201+00:00,,,data/snapshots/pregame_2026_CFB_W01_FCS2466_LT.json,e78667a0d0ad44d13642af708a8508829a7ce6a9c30d23b6229f7e7d11afc541,-44.5,56.5,,,draftkings,,,False
2026_CFB_W01_ULM_MSST,2026-09-07T04:38:52.112201+00:00,,,data/snapshots/pregame_2026_CFB_W01_ULM_MSST.json,752dfaafa27d6b6021cc5be80633eed43e0a198637b9a1a5a7894db2ae982d42,-28.5,54.5,-4000.0,1600.0,draftkings,,,False
2026_CFB_W01_WMU_MICH,2026-09-07T04:38:52.112201+00:00,,,data/snapshots/pregame_2026_CFB_W01_WMU_MICH.json,1dcf9c7d49a3ed65260f551a1a7c6e62c859fd9d2e3e8d1ac49858752a6a96eb,-27.5,49.5,-6500.0,2000.0,draftkings,,,False
2026_CFB_W01_FAU_FLA,2026-09-07T04:38:52.112201+00:00,,,data/snapshots/pregame_2026_CFB_W01_FAU_FLA.json,4d3f591cb8e50ba7a9ccedd5e82095bfae50ceabcfabb43af565eb68c95dba7b,-26.5,59.5,-2800.0,1300.0,draftkings,,,False
2026_CFB_W01_FCS3101_BYU,2026-09-07T04:38:52.112201+00:00,,,data/snapshots/pregame_2026_CFB_W01_FCS3101_BYU.json,483729c962c705732c988aaadabbdfdf8e2d67bdc59da94849b8ec69fba4db62,-49.5,61.5,,,draftkings,,,False
2026_CFB_W01_FCS2571_NU,2026-09-07T04:38:52.112201+00:00,,,data/snapshots/pregame_2026_CFB_W01_FCS2571_NU.json,6a18e148e2f249c8df9a7fa9081753fc18f551b58a8559c112cbe6262b2c33a7,-12.5,49.5,-485.0,370.0,draftkings,,,False
2026_CFB_W01_FCS2261_MD,2026-09-07T04:38:52.112201+00:00,,,data/snapshots/pregame_2026_CFB_W01_FCS2261_MD.json,31d5cb2729206c044e71e115412a3219447832af46b16518abaa6eeb804ecc27,-45.5,56.5,,,draftkings,,,False
2026_CFB_W01_FCS2320_UL,2026-09-07T04:38:52.112201+00:00,,,data/snapshots/pregame_2026_CFB_W01_FCS2320_UL.json,9b32759c249c0daa95bda4a99f61da8404952513061c2e6a99ebe6820b6b2e7a,-20.5,48.5,-1200.0,750.0,draftkings,,,False
2026_CFB_W01_FCS2385_NMSU,2026-09-07T04:38:52.112201+00:00,,,data/snapshots/pregame_2026_CFB_W01_FCS2385_NMSU.json,96a51e05ef1144e354bc8a5575f1bc20fa690282aefe253ff8b02ed5f50a1409,-29.5,52.5,-8000.0,2200.0,draftkings,,,False
2026_CFB_W01_FCS2502_SDSU,2026-09-07T04:38:52.112201+00:00,,,data/snapshots/pregame_2026_CFB_W01_FCS2502_SDSU.json,468ec1563fc1978b23fb20bc1e5004d685b4ce30150a9955cf3c5d962af4dd23,-39.5,62.5,,,draftkings,,,False
2026_CFB_W01_FCS2464_ARIZ,2026-09-07T04:38:52.112201+00:00,,,data/snapshots/pregame_2026_CFB_W01_FCS2464_ARIZ.json,bdac4d66318edf0c359ed5718d6598df112951cf819e85d83ffbbaf1e37f8aa0,-31.5,58.5,-6500.0,2000.0,draftkings,,,False
2026_CFB_W01_FCS2415_ASU,2026-09-07T04:38:52.112201+00:00,,,data/snapshots/pregame_2026_CFB_W01_FCS2415_ASU.json,de6ee758cc890295c758fea8843240426e2258ea93c5a3cbdd8ad7800ec16ab1,-43.5,52.5,,,draftkings,,,False
2026_CFB_W01_UNLV_HAW,2026-09-07T04:38:52.112201+00:00,,,data/snapshots/pregame_2026_CFB_W01_UNLV_HAW.json,03ae3744c663992997953d409d03c8cdde272f57ca084b544c5823508daabe08,3.0,55.5,130.0,-155.0,draftkings,,,False
2026_CFB_W01_CMU_UNM,2026-09-07T04:38:52.112201+00:00,,,data/snapshots/pregame_2026_CFB_W01_CMU_UNM.json,faa2f2d84d94834f5859662f4a2bd5c90c0f14bdbdb12905e25207ec15f43dae,-10.5,47.5,-440.0,340.0,draftkings,,,False
2026_CFB_W01_FCS2400_SAC,2026-09-07T04:38:52.112201+00:00,,,data/snapshots/pregame_2026_CFB_W01_FCS2400_SAC.json,64177a98a85913c62b422833a0f387e6f80f0650733eeb67a59266cfd7709323,-37.5,56.5,,,draftkings,,,False
2026_CFB_W01_WKU_NEV,2026-09-07T04:38:52.112201+00:00,,,data/snapshots/pregame_2026_CFB_W01_WKU_NEV.json,06081bfa52f038a725a5e3465df98c4a38925a6098ac1a2c59524484c68a2f20,1.5,51.5,-108.0,-112.0,draftkings,,,False
2026_CFB_W01_UCLA_CAL,2026-09-07T04:38:52.112201+00:00,,,data/snapshots/pregame_2026_CFB_W01_UCLA_CAL.json,012d888ef4513fa3babaafea42119e9a0519d180bcee174eabb67623b4d177b1,2.5,53.5,114.0,-135.0,draftkings,,,False
2026_CFB_W01_WSU_WASH,2026-09-07T04:38:52.112201+00:00,,,data/snapshots/pregame_2026_CFB_W01_WSU_WASH.json,b72ae38c4e3788fc2d1bd32252c72c58dcaea4f809f6b45b0904e3054004a1fe,-23.5,51.5,-2400.0,1200.0,draftkings,,,False
2026_CFB_W01_LOU_MISS,2026-09-07T04:38:52.112201+00:00,,,data/snapshots/pregame_2026_CFB_W01_LOU_MISS.json,cfd6a87b63733f0428eb49825b7e017d2fe4bf1b861bad04265bbbf214863e8b,-6.5,54.5,-265.0,215.0,draftkings,2026-09-06T23:01:30.189526+00:00,,False
2026_CFB_W01_WIS_ND,2026-09-07T04:38:52.112201+00:00,,,data/snapshots/pregame_2026_CFB_W01_WIS_ND.json,63fa5743012d7597402968416f8b99230e93e22fc4b9bd4c057da2095af6ace1,-20.5,46.5,-1450.0,850.0,draftkings,2026-09-06T23:01:30.360889+00:00,,False
2026_CFB_W01_SMU_FSU,2026-09-07T23:40:25.414225+00:00,2026_CFB_W01_SMU_FSU_CFB_v1.0_2026-09-07T12:30:57.868270+00:00,CFB_v1.0,data/snapshots/pregame_2026_CFB_W01_SMU_FSU.json,3666f23aa05dbfebd3dcf0ff3cf8f225f8380162c455d24480d64123c395e7a7,3.0,54.5,124.0,-148.0,draftkings,2026-09-07T11:04:56.943021+00:00,,True
2026_NFL_W01_NE_SEA,2026-09-10T00:48:05.035116+00:00,2026_NFL_W01_NE_SEA_NFL_v1.0_2026-09-09T12:31:08.630815+00:00,NFL_v1.0,data/snapshots/pregame_2026_NFL_W01_NE_SEA.json,e7e2b2904280eee3cc3b71ba6079d74ba1783d546bade7426a69fde09aa09d43,-3.0,44.5,-166.0,140.0,draftkings,2026-09-09T11:04:57.238480+00:00,2026-09-08T14:03:07.538916+00:00,True
2026_NFL_W01_SF_LAR,2026-09-11T00:46:27.477407+00:00,2026_NFL_W01_SF_LAR_NFL_v1.0_2026-09-09T12:31:08.630815+00:00,NFL_v1.0,data/snapshots/pregame_2026_NFL_W01_SF_LAR.json,df1bbeeb72352ca001ee704ea832eb18946b58a20a470a1c535577174459dbc8,-3.5,47.5,-218.0,180.0,draftkings,2026-09-10T23:01:37.966197+00:00,2026-09-10T17:02:07.962560+00:00,True
2026_CFB_W02_FCS50_MIA,2026-09-11T00:46:27.477407+00:00,,,data/snapshots/pregame_2026_CFB_W02_FCS50_MIA.json,a5095b566a62509bd7206ae20f2084b30f4189b8cc57d7d7e559793fa606453b,-59.5,66.5,,,draftkings,2026-09-10T23:01:57.351862+00:00,,False
2026_CFB_W02_FCS2450_UVA,2026-09-11T23:40:31.627107+00:00,,,data/snapshots/pregame_2026_CFB_W02_FCS2450_UVA.json,da9c808e43db387fae6b07727d4d36d02461b53c2176494ae836dbbec05a3933,-45.5,54.5,,,draftkings,2026-09-11T20:02:09.295709+00:00,,False
2026_CFB_W02_FCS222_LOU,2026-09-11T23:40:31.627107+00:00,,,data/snapshots/pregame_2026_CFB_W02_FCS222_LOU.json,0a8a0e50c790ec864b73deb249a15aa8dc8a5a1e920a170fed630d8fe54adb02,-36.5,56.5,,,draftkings,2026-09-11T20:02:09.978344+00:00,,False
2026_CFB_W02_FCS257_NCSU,2026-09-11T23:40:31.627107+00:00,,,data/snapshots/pregame_2026_CFB_W02_FCS257_NCSU.json,93aa5606f87a7760c69063468187494419f2b89d62e9bb0071c20a46d3117c29,-32.5,50.5,-6500.0,2000.0,draftkings,2026-09-11T20:02:10.632805+00:00,,False
2026_CFB_W02_RUTG_BC,2026-09-11T23:40:31.627107+00:00,2026_CFB_W02_RUTG_BC_CFB_v1.0_2026-09-11T12:29:39.601965+00:00,CFB_v1.0,data/snapshots/pregame_2026_CFB_W02_RUTG_BC.json,0716d00010a6c58d0b6656870e19f2f7de624676c471f62279b4a55b801e1251,-3.0,53.5,-155.0,130.0,draftkings,2026-09-11T23:03:21.672088+00:00,,True
2026_CFB_W02_MIZ_KU,2026-09-12T00:46:35.769440+00:00,2026_CFB_W02_MIZ_KU_CFB_v1.0_2026-09-11T12:29:39.601965+00:00,CFB_v1.0,data/snapshots/pregame_2026_CFB_W02_MIZ_KU.json,136beef74c02633bb525a76a70ae55423d0355eca86acae2fa6f63692f8a6135,4.0,51.5,160.0,-192.0,draftkings,2026-09-11T23:03:22.602005+00:00,,True
2026_CFB_W02_PSU_TEM,2026-09-12T16:41:13.966689+00:00,2026_CFB_W02_PSU_TEM_CFB_v1.0_2026-09-12T12:26:50.441388+00:00,CFB_v1.0,data/snapshots/pregame_2026_CFB_W02_PSU_TEM.json,340dd5d1631619b50aee3080ce98f0a316e772740a47b9d29d90e90ccfdeb9d2,23.5,49.5,1400.0,-3200.0,draftkings,2026-09-12T11:04:32.975082+00:00,,True
2026_CFB_W02_ASU_TAM,2026-09-12T16:41:13.966689+00:00,2026_CFB_W02_ASU_TAM_CFB_v1.0_2026-09-11T12:29:39.601965+00:00,CFB_v1.0,data/snapshots/pregame_2026_CFB_W02_ASU_TAM.json,537445a90087b1a4491dc7b946f3f16a7a4512d4b0c9f67448a878c9d715de1c,-14.5,50.5,-700.0,500.0,draftkings,2026-09-12T11:04:33.533789+00:00,,True
2026_CFB_W02_FCS47_IU,2026-09-12T16:41:13.966689+00:00,,,data/snapshots/pregame_2026_CFB_W02_FCS47_IU.json,0bbc8e78f4f018a4669a03a00be539d0d5e4735d3225b34ef9bdba667aec11c3,-56.5,65.5,,,draftkings,2026-09-12T11:04:34.084447+00:00,,False
2026_CFB_W02_WAKE_PUR,2026-09-12T16:41:13.966689+00:00,2026_CFB_W02_WAKE_PUR_CFB_v1.0_2026-09-12T12:26:50.441388+00:00,CFB_v1.0,data/snapshots/pregame_2026_CFB_W02_WAKE_PUR.json,229074ae21a7f9e31332897c764395bc27dd954ca26774bb03687d432b270c3c,3.0,51.5,124.0,-148.0,draftkings,2026-09-12T11:04:34.638288+00:00,,True
2026_CFB_W02_USF_ARMY,2026-09-12T16:41:13.966689+00:00,2026_CFB_W02_USF_ARMY_CFB_v1.0_2026-09-12T12:26:50.441388+00:00,CFB_v1.0,data/snapshots/pregame_2026_CFB_W02_USF_ARMY.json,130221cced8c0fdfeb12ea3d70731377feb3d0db7fb059aaef0a452666e1a09a,-3.0,45.5,-166.0,140.0,draftkings,2026-09-12T11:04:35.187968+00:00,,True
2026_CFB_W02_OU_MICH,2026-09-12T16:41:13.966689+00:00,2026_CFB_W02_OU_MICH_CFB_v1.0_2026-09-12T12:26:50.441388+00:00,CFB_v1.0,data/snapshots/pregame_2026_CFB_W02_OU_MICH.json,a6c210c56ccd48878dcb7483b15c00d208b72104238c3b2e960c53d70bcae31b,5.5,43.5,170.0,-205.0,draftkings,2026-09-12T11:04:35.739906+00:00,,True
2026_CFB_W02_FCS2193_UNC,2026-09-12T16:41:13.966689+00:00,,,data/snapshots/pregame_2026_CFB_W02_FCS2193_UNC.json,0dc65c24d337a0239e4417f392c2103bf0f6a9ec6aa125c326280cbe9eb84184,-35.5,54.5,,5000.0,draftkings,2026-09-12T11:04:36.290320+00:00,,False
2026_CFB_W02_ORE_OKST,2026-09-12T16:41:13.966689+00:00,2026_CFB_W02_ORE_OKST_CFB_v1.0_2026-09-11T12:29:39.601965+00:00,CFB_v1.0,data/snapshots/pregame_2026_CFB_W02_ORE_OKST.json,96735236416a356a743952965a56de13b556051c36f50cc1b8bbdb595a7c0be9,23.5,54.5,1100.0,-2100.0,draftkings,2026-09-12T11:04:36.844974+00:00,,True
2026_CFB_W02_WSU_KSU,2026-09-12T16:41:13.966689+00:00,2026_CFB_W02_WSU_KSU_CFB_v1.0_2026-09-12T12:26:50.441388+00:00,CFB_v1.0,data/snapshots/pregame_2026_CFB_W02_WSU_KSU.json,203314df93dd1013a6b305a4ece6ba34aac646133bfb0e69640e3d7c059c5651,-17.5,48.5,-1050.0,675.0,draftkings,2026-09-12T11:04:37.402418+00:00,,True
2026_CFB_W02_ODU_VT,2026-09-12T16:41:13.966689+00:00,2026_CFB_W02_ODU_VT_CFB_v1.0_2026-09-12T12:26:50.441388+00:00,CFB_v1.0,data/snapshots/pregame_2026_CFB_W02_ODU_VT.json,3b5795c70f87eae79387b8617beda8c0932a59191741ee337abd93588ace9fae,-17.5,47.5,-1000.0,650.0,draftkings,2026-09-12T11:04:37.937906+00:00,,True
2026_CFB_W02_APP_ECU,2026-09-12T16:41:13.966689+00:00,2026_CFB_W02_APP_ECU_CFB_v1.0_2026-09-12T12:26:50.441388+00:00,CFB_v1.0,data/snapshots/pregame_2026_CFB_W02_APP_ECU.json,49cfeac7ec3e5f5667085c683e59a5690e189a746771a1608c1abd087d951638,-6.5,55.5,-250.0,205.0,draftkings,2026-09-12T11:04:38.487968+00:00,,True
2026_CFB_W02_FCS2747_KENT,2026-09-12T16:41:13.966689+00:00,,,data/snapshots/pregame_2026_CFB_W02_FCS2747_KENT.json,e007f23a9287f6280d324a8d9a17c8e10ed6db7dd001481149d0a8ba5c323388,-10.5,47.5,-470.0,360.0,draftkings,2026-09-12T11:04:39.041648+00:00,,False
2026_CFB_W02_FCS2681_JMU,2026-09-12T16:41:13.966689+00:00,,,data/snapshots/pregame_2026_CFB_W02_FCS2681_JMU.json,6a45ec2201d54cc0d902bc5d462596040afd2d07a7898534b0d46315f4b09283,-45.5,54.5,,,draftkings,2026-09-12T11:04:46.766913+00:00,,False
2026_CFB_W02_FCS2241_LIB,2026-09-12T16:41:13.966689+00:00,,,data/snapshots/pregame_2026_CFB_W02_FCS2241_LIB.json,9a00072ae729c68daa492594b21ee201321c82d41570b32136510045383b1433,-27.5,55.5,-3600.0,1500.0,draftkings,2026-09-12T11:04:56.262541+00:00,,False
2026_CFB_W02_WKU_UGA,2026-09-12T17:40:14.466590+00:00,2026_CFB_W02_WKU_UGA_CFB_v1.0_2026-09-12T12:26:50.441388+00:00,CFB_v1.0,data/snapshots/pregame_2026_CFB_W02_WKU_UGA.json,fbc2a5b29fca941e183a6caa5a732bddacbb039e3d4ac4d1e440502d58806bd4,-40.5,55.5,,,draftkings,2026-09-12T11:04:39.587695+00:00,,True
2026_CFB_W02_FCS2142_CMU,2026-09-12T17:40:14.466590+00:00,,,data/snapshots/pregame_2026_CFB_W02_FCS2142_CMU.json,7e545429839593b6c15430ff97c320aaa2f3ddd5e4eaf32fe592c304160bd880,-21.5,49.5,-1650.0,950.0,draftkings,2026-09-12T11:04:40.143894+00:00,,False
2026_CFB_W02_FCS107_MOH,2026-09-12T17:40:14.466590+00:00,,,data/snapshots/pregame_2026_CFB_W02_FCS107_MOH.json,59cb99c4fca144cd44aa448606817dbc433e1002a5fe1119b2d7cff1f05b501c,-30.5,50.5,-5000.0,1800.0,draftkings,2026-09-12T11:04:40.697118+00:00,,False
2026_CFB_W02_FCS2630_WVU,2026-09-12T17:40:14.466590+00:00,,,data/snapshots/pregame_2026_CFB_W02_FCS2630_WVU.json,e622466ec54ce03ea8f1b90170d420410097cfaebc91c7528bad024a572ea1bd,-41.5,55.5,,,draftkings,2026-09-12T11:04:41.250835+00:00,,False
2026_CFB_W02_FCS2619_BALL,2026-09-12T18:42:08.572121+00:00,,,data/snapshots/pregame_2026_CFB_W02_FCS2619_BALL.json,1323c2fcec1d5ee14855f3fb20f9f0d1af00325a4bef917108f79486319e73e5,-14.0,55.5,-700.0,500.0,draftkings,2026-09-12T17:02:05.765204+00:00,,False
2026_CFB_W02_MSST_MINN,2026-09-12T19:40:47.992750+00:00,2026_CFB_W02_MSST_MINN_CFB_v1.0_2026-09-12T12:26:50.441388+00:00,CFB_v1.0,data/snapshots/pregame_2026_CFB_W02_MSST_MINN.json,f1aa590f80730beb2dc5e16e2c8eefa3899d1a1a2ac0a924c053f46074c09686,1.5,53.5,-110.0,-110.0,draftkings,2026-09-12T17:02:06.163215+00:00,,True
2026_CFB_W02_ULM_UAB,2026-09-12T19:40:47.992750+00:00,2026_CFB_W02_ULM_UAB_CFB_v1.0_2026-09-12T12:26:50.441388+00:00,CFB_v1.0,data/snapshots/pregame_2026_CFB_W02_ULM_UAB.json,aaabb4a2298041680549aa4635fe2e0c9078ae43d9c3e08c6919205aeeacaef6,-9.5,54.5,-360.0,285.0,draftkings,2026-09-12T17:02:06.539166+00:00,,True
2026_CFB_W02_FCS2523_AKR,2026-09-12T19:40:47.992750+00:00,,,data/snapshots/pregame_2026_CFB_W02_FCS2523_AKR.json,faa3a55fbbe88b6b2703b24b41d1f61020bcfecd15faba1f8c8dfa93f11d9d79,-27.5,44.5,-3600.0,1500.0,draftkings,2026-09-12T17:02:06.941462+00:00,,False
2026_CFB_W02_FCS2529_MASS,2026-09-12T19:40:47.992750+00:00,,,data/snapshots/pregame_2026_CFB_W02_FCS2529_MASS.json,ae9c3fa7a0a5255769db193387859baf29d07caea6664e9fb4ad42851c3bd60b,-23.5,53.5,-2400.0,1200.0,draftkings,2026-09-12T17:02:07.336896+00:00,,False
2026_CFB_W02_MD_CONN,2026-09-12T19:40:47.992750+00:00,2026_CFB_W02_MD_CONN_CFB_v1.0_2026-09-12T12:26:50.441388+00:00,CFB_v1.0,data/snapshots/pregame_2026_CFB_W02_MD_CONN.json,b309af4cb44a457a7297826a194c0bdb7ec14694daa9174d5c845ba77f7f9e51,11.5,52.5,350.0,-455.0,draftkings,2026-09-12T17:02:07.738996+00:00,,True
2026_CFB_W02_CAL_SYR,2026-09-12T19:40:47.992750+00:00,2026_CFB_W02_CAL_SYR_CFB_v1.0_2026-09-09T12:31:09.658565+00:00,CFB_v1.0,data/snapshots/pregame_2026_CFB_W02_CAL_SYR.json,49e8ae502698bfae8e0bce49578839dff699099d1d75138ca22a03c88c21db1a,-3.5,56.5,-198.0,164.0,draftkings,2026-09-12T17:02:07.739282+00:00,,True
2026_CFB_W02_EMU_MSU,2026-09-12T19:40:47.992750+00:00,2026_CFB_W02_EMU_MSU_CFB_v1.0_2026-09-12T12:26:50.441388+00:00,CFB_v1.0,data/snapshots/pregame_2026_CFB_W02_EMU_MSU.json,09bc5a7268ca670d920e58eae8f75aa8ca9c1bd8d15af327f9936e9d5341b531,-17.5,49.5,-900.0,600.0,draftkings,2026-09-12T17:02:08.221474+00:00,,True
2026_CFB_W02_RICE_ND,2026-09-12T19:40:47.992750+00:00,2026_CFB_W02_RICE_ND_CFB_v1.0_2026-09-12T12:26:50.441388+00:00,CFB_v1.0,data/snapshots/pregame_2026_CFB_W02_RICE_ND.json,e401213c2080805012babd7fb929bc105303b071301e3c5e7937040ed5101907,-44.5,54.5,,,draftkings,2026-09-12T17:02:08.669680+00:00,,True
2026_CFB_W02_ARIZ_BYU,2026-09-12T19:40:47.992750+00:00,2026_CFB_W02_ARIZ_BYU_CFB_v1.0_2026-09-12T12:26:50.441388+00:00,CFB_v1.0,data/snapshots/pregame_2026_CFB_W02_ARIZ_BYU.json,3f6618b4fb970ea3361e72df9bae7ad02dba6f4ec261b5cb7f884349932b9eb5,-6.5,48.5,-270.0,220.0,draftkings,2026-09-12T17:02:09.109004+00:00,,True
2026_CFB_W02_DUKE_ILL,2026-09-12T19:40:47.992750+00:00,2026_CFB_W02_DUKE_ILL_CFB_v1.0_2026-09-12T12:26:50.441388+00:00,CFB_v1.0,data/snapshots/pregame_2026_CFB_W02_DUKE_ILL.json,88cda1224ab404ac8c00342303c849bf9cb11e3f239b3d4565d565816bd32932,-6.5,51.5,-250.0,205.0,draftkings,2026-09-12T17:02:09.568507+00:00,,True
2026_CFB_W02_FCS2115_TOL,2026-09-12T19:40:47.992750+00:00,,,data/snapshots/pregame_2026_CFB_W02_FCS2115_TOL.json,9c7fca269a74097df87d4fa11ac8b926d5969f9ceda26f30ec7a40bfe3d81034,-35.5,54.5,,3500.0,draftkings,2026-09-12T17:02:10.009009+00:00,,False
2026_CFB_W02_USU_WASH,2026-09-12T19:40:47.992750+00:00,2026_CFB_W02_USU_WASH_CFB_v1.0_2026-09-12T12:26:50.441388+00:00,CFB_v1.0,data/snapshots/pregame_2026_CFB_W02_USU_WASH.json,e4b9bf5a333a805c9848ad6be9669ba4b1dc4b82cb705477efcad534c7ac37af,-28.5,55.5,-6500.0,2000.0,draftkings,2026-09-12T17:02:10.450518+00:00,,True
2026_CFB_W02_FCS2692_COLO,2026-09-12T19:40:47.992750+00:00,,,data/snapshots/pregame_2026_CFB_W02_FCS2692_COLO.json,2efde6d7a51582a1b8293e0fd20773eab5bfd889a546bfd5d45e096c5fb4e169,-34.5,55.5,-6500.0,2000.0,draftkings,2026-09-12T17:02:10.928602+00:00,,False
2026_CFB_W02_UCF_PITT,2026-09-12T19:40:47.992750+00:00,2026_CFB_W02_UCF_PITT_CFB_v1.0_2026-09-12T12:26:50.441388+00:00,CFB_v1.0,data/snapshots/pregame_2026_CFB_W02_UCF_PITT.json,27bec2d49dbc172e355fdf8c30f76f3634e94532ed00413cc6cba6c5e125fc45,-7.0,55.5,-298.0,240.0,draftkings,2026-09-12T17:02:10.929043+00:00,,True
2026_CFB_W02_ALA_UK,2026-09-12T19:40:47.992750+00:00,2026_CFB_W02_ALA_UK_CFB_v1.0_2026-09-12T12:26:50.441388+00:00,CFB_v1.0,data/snapshots/pregame_2026_CFB_W02_ALA_UK.json,a157d5000189ea6e7722ed8dde69ce55b6081cb684a9f16e2520fa9081473887,8.5,46.5,285.0,-360.0,draftkings,2026-09-12T17:02:11.395055+00:00,,True
2026_CFB_W02_UTSA_TXST,2026-09-12T19:40:47.992750+00:00,2026_CFB_W02_UTSA_TXST_CFB_v1.0_2026-09-12T12:26:50.441388+00:00,CFB_v1.0,data/snapshots/pregame_2026_CFB_W02_UTSA_TXST.json,989445ea92c27dd60d037ba1a8473e86e4b00a4fa19578bf55b0a3356b294a35,-1.5,66.5,-122.0,102.0,draftkings,2026-09-12T17:02:11.798827+00:00,,True
2026_CFB_W02_UNLV_UNT,2026-09-12T20:44:06.885352+00:00,2026_CFB_W02_UNLV_UNT_CFB_v1.0_2026-09-12T12:26:50.441388+00:00,CFB_v1.0,data/snapshots/pregame_2026_CFB_W02_UNLV_UNT.json,80ae9860d5103e5f9eb0cf903032b2bec98d192194c010f75bcb40574ec61458,3.0,57.5,124.0,-148.0,draftkings,2026-09-12T17:02:12.175670+00:00,,True
2026_CFB_W02_FCS2385_UNM,2026-09-12T20:44:06.885352+00:00,,,data/snapshots/pregame_2026_CFB_W02_FCS2385_UNM.json,65ab37c72142f3a5342270b1feeb6e1d14409cb49e815800b43cd93ac90b6e2e,-41.5,53.5,,,draftkings,2026-09-12T17:02:12.571647+00:00,,False
2026_CFB_W02_FCS2011_TROY,2026-09-12T20:44:06.885352+00:00,,,data/snapshots/pregame_2026_CFB_W02_FCS2011_TROY.json,960f04fb5ffe1a70bd4185264cc18fbbce7c6f74a7b6ec3bd3af4a58c7147e07,,51.5,-1800.0,1000.0,draftkings,2026-09-12T17:02:12.971946+00:00,,False
2026_CFB_W02_FCS2458_WYO,2026-09-12T20:44:06.885352+00:00,,,data/snapshots/pregame_2026_CFB_W02_FCS2458_WYO.json,8d70c15f6a51674b1bc9ccb0c31f4c977f6f563624929f438a9b1d9df0d2a69b,-22.5,47.5,-1650.0,950.0,draftkings,2026-09-12T17:02:13.416952+00:00,,False
2026_CFB_W02_FCS302_SMU,2026-09-12T20:44:06.885352+00:00,,,data/snapshots/pregame_2026_CFB_W02_FCS302_SMU.json,ee66216df027f69175e2e489802976091b1fbbf147354ea6748f146289840cb3,-29.5,58.5,-4000.0,1600.0,draftkings,2026-09-12T17:02:13.859928+00:00,,False
2026_CFB_W02_DEL_VAN,2026-09-12T20:44:06.885352+00:00,2026_CFB_W02_DEL_VAN_CFB_v1.0_2026-09-12T12:26:50.441388+00:00,CFB_v1.0,data/snapshots/pregame_2026_CFB_W02_DEL_VAN.json,9a51e4cdacf27b8b2ea8869ebdd1c5512edebfa17c622f8a6c9d624acdb79eb8,-20.5,54.5,-1350.0,800.0,draftkings,2026-09-12T20:02:20.748012+00:00,,True
2026_CFB_W02_FCS2097_FLA,2026-09-12T21:41:31.226340+00:00,,,data/snapshots/pregame_2026_CFB_W02_FCS2097_FLA.json,f4d05e77817c61c1f585685c237ce647154580dca67a259b37273c7b18505a55,-50.5,65.5,,,draftkings,2026-09-12T20:02:21.707154+00:00,,False
2026_CFB_W02_BUF_FIU,2026-09-12T22:42:49.605076+00:00,2026_CFB_W02_BUF_FIU_CFB_v1.0_2026-09-12T12:26:50.441388+00:00,CFB_v1.0,data/snapshots/pregame_2026_CFB_W02_BUF_FIU.json,f569d61bbe66f9a28ac5a6790ef6eaa5047e051c629c226191c648fe5a477678,-8.5,47.5,-345.0,275.0,draftkings,2026-09-12T20:02:22.662449+00:00,,True
2026_CFB_W02_MEM_BOIS,2026-09-12T22:42:49.605076+00:00,2026_CFB_W02_MEM_BOIS_CFB_v1.0_2026-09-12T12:26:50.441388+00:00,CFB_v1.0,data/snapshots/pregame_2026_CFB_W02_MEM_BOIS.json,ebb64c01e8d3a95195e45b6da5bc8067069afc09fcb5e607ae62243ce44f1344,-9.5,54.5,-360.0,285.0,draftkings,2026-09-12T20:02:23.619410+00:00,,True
2026_CFB_W02_JXST_OHIO,2026-09-12T22:42:49.605076+00:00,2026_CFB_W02_JXST_OHIO_CFB_v1.0_2026-09-12T12:26:50.441388+00:00,CFB_v1.0,data/snapshots/pregame_2026_CFB_W02_JXST_OHIO.json,b3b3f658a834d262811f05b7da800d5394237ea5d96a8ac5654cc7f8d5def5aa,-1.5,49.5,-125.0,105.0,draftkings,2026-09-12T20:02:24.589776+00:00,,True
2026_CFB_W02_FCS2405_WMU,2026-09-12T22:42:49.605076+00:00,,,data/snapshots/pregame_2026_CFB_W02_FCS2405_WMU.json,daa48e41893f4ba5f22f385a520ffab575ad0ae42fd93297781cc66f0e12b575,-27.5,52.5,-3200.0,1400.0,draftkings,2026-09-12T20:02:25.554789+00:00,,False
2026_CFB_W02_FCS2287_NIU,2026-09-12T23:39:51.581466+00:00,,,data/snapshots/pregame_2026_CFB_W02_FCS2287_NIU.json,5bd536ece2c10f82a59292c19bb44715fb63a3fdc9d449c57ecbccc8cab1d224,4.5,48.5,160.0,-192.0,draftkings,2026-09-12T20:02:26.527987+00:00,,False
2026_CFB_W02_USA_TULN,2026-09-12T23:39:51.581466+00:00,2026_CFB_W02_USA_TULN_CFB_v1.0_2026-09-12T12:26:50.441388+00:00,CFB_v1.0,data/snapshots/pregame_2026_CFB_W02_USA_TULN.json,836d33e980631d05ae72e10f106b913d25d3b6a5cbc5880948fe4a7c6902c459,-9.5,48.5,-360.0,285.0,draftkings,2026-09-12T20:02:27.494570+00:00,,True
2026_CFB_W02_GAST_KENN,2026-09-12T23:39:51.581466+00:00,2026_CFB_W02_GAST_KENN_CFB_v1.0_2026-09-12T12:26:50.441388+00:00,CFB_v1.0,data/snapshots/pregame_2026_CFB_W02_GAST_KENN.json,26ef2829ff3e6e72c37e784656778d0f2c89df4d9b07a5cb436627ab5f57e9ee,-7.0,55.5,-298.0,240.0,draftkings,2026-09-12T20:02:28.456821+00:00,,True
2026_CFB_W02_FCS2582_HOU,2026-09-12T23:39:51.581466+00:00,,,data/snapshots/pregame_2026_CFB_W02_FCS2582_HOU.json,7756deb23729b5f2db17090191ca0c7b2683c04e6f9f048b8d84cd3baeb9cd2d,-51.5,60.5,,,draftkings,2026-09-12T20:02:29.423605+00:00,,False
2026_CFB_W02_MTSU_MRSH,2026-09-12T23:39:51.581466+00:00,2026_CFB_W02_MTSU_MRSH_CFB_v1.0_2026-09-12T12:26:50.441388+00:00,CFB_v1.0,data/snapshots/pregame_2026_CFB_W02_MTSU_MRSH.json,38674734822ef5ecfd5885f496290d5e0313794b26a5f0b47c895736fb5600fa,-12.5,55.5,-535.0,400.0,draftkings,2026-09-12T20:02:30.382214+00:00,,True
2026_CFB_W02_BGSU_NEB,2026-09-12T23:39:51.581466+00:00,2026_CFB_W02_BGSU_NEB_CFB_v1.0_2026-09-12T12:26:50.441388+00:00,CFB_v1.0,data/snapshots/pregame_2026_CFB_W02_BGSU_NEB.json,8fdbc92047cbc1e1cb207af6594317fb7364404665eb1670bdfc3e02bfd6de97,-30.5,48.5,-9000.0,2500.0,draftkings,2026-09-12T20:02:31.413012+00:00,,True
2026_CFB_W02_FCS253_CSU,2026-09-12T23:39:51.581466+00:00,,,data/snapshots/pregame_2026_CFB_W02_FCS253_CSU.json,9f22a3055d189186d1d69cc31bfe3cdefd9e1ef74cd809f4b6655dfb00ac8ddc,-20.5,56.5,-1450.0,850.0,draftkings,2026-09-12T20:02:32.374384+00:00,,False
2026_CFB_W02_TENN_GT,2026-09-12T23:39:51.581466+00:00,2026_CFB_W02_TENN_GT_CFB_v1.0_2026-09-12T12:26:50.441388+00:00,CFB_v1.0,data/snapshots/pregame_2026_CFB_W02_TENN_GT.json,adbf9a39a889c4bb86c7dde5aa7f62cb81c96bb8ee7b6e1004c289ddd49501f8,12.5,55.5,380.0,-500.0,draftkings,2026-09-12T20:02:33.320970+00:00,,True
2026_CFB_W02_FCS2698_ARST,2026-09-12T23:39:51.581466+00:00,,,data/snapshots/pregame_2026_CFB_W02_FCS2698_ARST.json,ad79aa624b7f6c7f1b3509589536e3a71d5c363dc499284e6c96cc910fa80b0b,-31.5,56.5,-10000.0,3000.0,draftkings,2026-09-12T20:02:34.282689+00:00,,False
2026_CFB_W02_TLSA_SHSU,2026-09-12T23:39:51.581466+00:00,2026_CFB_W02_TLSA_SHSU_CFB_v1.0_2026-09-12T12:26:50.441388+00:00,CFB_v1.0,data/snapshots/pregame_2026_CFB_W02_TLSA_SHSU.json,8940bebc6870d35a7c2c63b124673ecb4f4c77e9678871e345774699ab8cb8b4,12.5,51.5,380.0,-500.0,draftkings,2026-09-12T20:02:35.253032+00:00,,True
2026_CFB_W02_FCS2815_MOST,2026-09-12T23:39:51.581466+00:00,,,data/snapshots/pregame_2026_CFB_W02_FCS2815_MOST.json,577b996ac215655f572ec5bd6f8ff6eb039fb8b9fdf0a135954cf2386fae86ce,-16.5,52.5,-900.0,600.0,draftkings,2026-09-12T20:02:36.216672+00:00,,False
2026_CFB_W02_FCS119_SC,2026-09-12T23:39:51.581466+00:00,,,data/snapshots/pregame_2026_CFB_W02_FCS119_SC.json,01fb985752668742f0038270ede09b7b8c7b7f722b2b4c2538b9b3319df5e22b,-43.5,55.5,,,draftkings,2026-09-12T20:02:37.188676+00:00,,False
2026_CFB_W02_FCS2717_CIN,2026-09-12T23:39:51.581466+00:00,,,data/snapshots/pregame_2026_CFB_W02_FCS2717_CIN.json,da5f23091ac5d18893148bd209329e909684edc150f8a612b1c0737b4c61fdc6,-36.5,60.5,,,draftkings,2026-09-12T20:02:38.159380+00:00,,False
2026_CFB_W02_FCS2710_WIS,2026-09-12T23:39:51.581466+00:00,,,data/snapshots/pregame_2026_CFB_W02_FCS2710_WIS.json,c72f8b6723eae8cbd2233123feb0d90093456ecb4e3a879ed12aa37c0b59778f,-40.5,49.5,,,draftkings,2026-09-12T23:01:58.850529+00:00,,False
2026_CFB_W02_SDSU_UCLA,2026-09-12T23:39:51.581466+00:00,2026_CFB_W02_SDSU_UCLA_CFB_v1.0_2026-09-12T12:26:50.441388+00:00,CFB_v1.0,data/snapshots/pregame_2026_CFB_W02_SDSU_UCLA.json,e648549931cd5d3a810a14b91f9cf6e2259e2b181f91a1eef858d83d077337d2,-13.5,53.5,-520.0,390.0,draftkings,2026-09-12T23:01:59.292308+00:00,,True
2026_CFB_W02_FCS2230_CCU,2026-09-12T23:39:51.581466+00:00,,,data/snapshots/pregame_2026_CFB_W02_FCS2230_CCU.json,194ffa97395125919d2e148a6bc95b885db37a8ee281b216b110642ebd163a6d,-34.5,53.5,,5000.0,draftkings,2026-09-12T23:01:59.751288+00:00,,False
2026_CFB_W02_TTU_ORST,2026-09-12T23:39:51.581466+00:00,2026_CFB_W02_TTU_ORST_CFB_v1.0_2026-09-12T12:26:50.441388+00:00,CFB_v1.0,data/snapshots/pregame_2026_CFB_W02_TTU_ORST.json,e06d5bb24f791a696bd16c6b3c04f09a9fbf7d538c18bba61ff10d28bae81d56,25.5,52.5,1400.0,-3200.0,draftkings,2026-09-12T23:02:00.296841+00:00,,True
2026_CFB_W02_ISU_IOWA,2026-09-12T23:39:51.581466+00:00,2026_CFB_W02_ISU_IOWA_CFB_v1.0_2026-09-12T12:26:50.441388+00:00,CFB_v1.0,data/snapshots/pregame_2026_CFB_W02_ISU_IOWA.json,e0b6aa09585e4e57edd18bb497b2ed3ad0e29cb3400d84d20de7320a61ac93e5,-14.0,42.5,-650.0,470.0,draftkings,2026-09-12T23:02:00.765404+00:00,,True
2026_CFB_W02_GASO_CLEM,2026-09-12T23:39:51.581466+00:00,2026_CFB_W02_GASO_CLEM_CFB_v1.0_2026-09-12T12:26:50.441388+00:00,CFB_v1.0,data/snapshots/pregame_2026_CFB_W02_GASO_CLEM.json,6b991cf3680a11980a44e259f884fe3f0b3185a54cdf986ecf8c8429d0084c80,-19.5,54.5,-1350.0,800.0,draftkings,2026-09-12T23:02:01.248503+00:00,,True
2026_CFB_W02_LT_LSU,2026-09-12T23:39:51.581466+00:00,2026_CFB_W02_LT_LSU_CFB_v1.0_2026-09-12T12:26:50.441388+00:00,CFB_v1.0,data/snapshots/pregame_2026_CFB_W02_LT_LSU.json,47fcb8fb3db2a5d2fe32ca44e2d6b6d6608687b7815672d80db14fd689d08ac4,-34.5,54.5,-20000.0,3500.0,draftkings,2026-09-12T23:02:01.725825+00:00,,True
2026_CFB_W02_NAVY_FAU,2026-09-12T23:39:51.581466+00:00,2026_CFB_W02_NAVY_FAU_CFB_v1.0_2026-09-12T12:26:50.441388+00:00,CFB_v1.0,data/snapshots/pregame_2026_CFB_W02_NAVY_FAU.json,cbc3a949abbac82617124197a9fcc46df346895fb3d2a75cad2d742b0418a22d,4.0,59.5,160.0,-192.0,draftkings,2026-09-12T23:02:02.215992+00:00,,True
2026_CFB_W02_OSU_TEX,2026-09-12T23:39:51.581466+00:00,2026_CFB_W02_OSU_TEX_CFB_v1.0_2026-09-12T12:26:50.441388+00:00,CFB_v1.0,data/snapshots/pregame_2026_CFB_W02_OSU_TEX.json,654d69ff0679dbaa341ba6c853fab78cfdc16ec627130c875935651f913b8765,-1.5,50.5,-125.0,105.0,draftkings,2026-09-12T23:02:02.726862+00:00,,True
2026_CFB_W02_CLT_MISS,2026-09-13T00:47:38.259087+00:00,2026_CFB_W02_CLT_MISS_CFB_v1.0_2026-09-12T12:26:50.441388+00:00,CFB_v1.0,data/snapshots/pregame_2026_CFB_W02_CLT_MISS.json,43e8342da270393e81405f4f1a00cd42ecdeaa3d9614756f327d9158c3f34e8e,-44.5,59.5,,,draftkings,2026-09-12T23:02:03.243847+00:00,,True
2026_CFB_W02_USM_AUB,2026-09-13T00:47:38.259087+00:00,2026_CFB_W02_USM_AUB_CFB_v1.0_2026-09-12T12:26:50.441388+00:00,CFB_v1.0,data/snapshots/pregame_2026_CFB_W02_USM_AUB.json,6a982cc6316affc4a7ae967078bf48c73cdfc9541d9933e392912ad3f3141089,-32.5,56.5,-10000.0,3000.0,draftkings,2026-09-12T23:02:03.813907+00:00,,True
2026_CFB_W02_FCS2755_TCU,2026-09-13T00:47:38.259087+00:00,,,data/snapshots/pregame_2026_CFB_W02_FCS2755_TCU.json,0c3a32acf38639898a7216686c8e5ec70120c93197cb2d4753cd71eaf775746e,-43.5,54.5,,,draftkings,2026-09-12T23:02:04.362471+00:00,,False
2026_CFB_W02_FCS2504_BAY,2026-09-13T00:47:38.259087+00:00,,,data/snapshots/pregame_2026_CFB_W02_FCS2504_BAY.json,d18fae7f7e55da09e95b42696c1d8d328ecf5edccad3a392bdac325b4e7aab7d,-37.5,55.5,,,draftkings,2026-09-12T23:02:04.845342+00:00,,False
2026_CFB_W02_FCS2640_UTEP,2026-09-13T01:46:10.707995+00:00,,,data/snapshots/pregame_2026_CFB_W02_FCS2640_UTEP.json,869edfe0a3e1dc3e822a85139f78f764bf7bb8459cd54c424e0068bfa5c09aab,-25.5,52.5,-4500.0,1700.0,draftkings,2026-09-12T23:02:05.374896+00:00,,False
2026_CFB_W02_FCS13_SJSU,2026-09-13T01:46:10.707995+00:00,,,data/snapshots/pregame_2026_CFB_W02_FCS13_SJSU.json,63c26c0e672ef36aec12b7b6b2303483d8923831caeeb81c0c9c32955e17a9bf,-20.5,56.5,-1650.0,950.0,draftkings,2026-09-12T23:02:05.833290+00:00,,False
2026_CFB_W02_NDSU_AF,2026-09-13T02:42:22.388583+00:00,2026_CFB_W02_NDSU_AF_CFB_v1.0_2026-09-12T12:26:50.441388+00:00,CFB_v1.0,data/snapshots/pregame_2026_CFB_W02_NDSU_AF.json,05f7182d043a26a248494431a7302592666057adc059ebdf47d2742d045900cf,1.5,48.5,102.0,-122.0,draftkings,2026-09-12T23:02:06.297401+00:00,,True
2026_CFB_W02_ARK_UTAH,2026-09-13T02:42:22.388583+00:00,2026_CFB_W02_ARK_UTAH_CFB_v1.0_2026-09-12T12:26:50.441388+00:00,CFB_v1.0,data/snapshots/pregame_2026_CFB_W02_ARK_UTAH.json,082fe96852cd07a7b77466f2bb511a83a6673999140afb147434da95f6e02cbd,-12.5,55.5,-520.0,390.0,draftkings,2026-09-12T23:02:06.760308+00:00,,True
2026_CFB_W02_SAC_FRES,2026-09-13T02:42:22.388583+00:00,2026_CFB_W02_SAC_FRES_CFB_v1.0_2026-09-12T12:26:50.441388+00:00,CFB_v1.0,data/snapshots/pregame_2026_CFB_W02_SAC_FRES.json,6e375c7c3fe632aa90c669c2eaa21966642d17d9bfdc67bf1e0f947c697e462d,-17.5,43.5,-950.0,625.0,draftkings,2026-09-12T23:02:07.223616+00:00,,True
2026_CFB_W02_FCS147_NEV,2026-09-13T02:42:22.388583+00:00,,,data/snapshots/pregame_2026_CFB_W02_FCS147_NEV.json,78ebd08e0996cf6239ca1e2beaf98dfdab3654605e9abb26af8f14206dd75e36,3.5,49.5,136.0,-162.0,draftkings,2026-09-12T23:02:07.687046+00:00,,False
2026_CFB_W02_UL_USC,2026-09-13T03:42:39.818925+00:00,2026_CFB_W02_UL_USC_CFB_v1.0_2026-09-12T12:26:50.441388+00:00,CFB_v1.0,data/snapshots/pregame_2026_CFB_W02_UL_USC.json,d5511f50878aab91accd6d25ad42decb215731c9182694c403b61a48414c0d0e,-30.5,58.5,-6500.0,2000.0,draftkings,2026-09-12T23:02:08.151113+00:00,,True
2026_CFB_W02_NMSU_HAW,2026-09-13T04:42:26.996043+00:00,2026_CFB_W02_NMSU_HAW_CFB_v1.0_2026-09-12T12:26:50.441388+00:00,CFB_v1.0,data/snapshots/pregame_2026_CFB_W02_NMSU_HAW.json,c31ea9803ff9aa7ce6ecac4bc33345de0762feacc90fa3506ad4be9f4db37b03,-7.5,50.5,-340.0,270.0,draftkings,2026-09-12T23:02:08.618742+00:00,,True
2026_NFL_W01_CHI_CAR,2026-09-13T17:41:48.750826+00:00,2026_NFL_W01_CHI_CAR_NFL_v1.0_2026-09-12T12:26:49.526460+00:00,NFL_v1.0,data/snapshots/pregame_2026_NFL_W01_CHI_CAR.json,609d1231371ba438e3dd876b24bde4624af831208a22f296d6f042283bfed40a,3.0,47.5,140.0,-166.0,draftkings,2026-09-12T23:01:41.333128+00:00,2026-09-12T17:01:53.330171+00:00,True
2026_NFL_W01_TB_CIN,2026-09-13T17:41:48.750826+00:00,2026_NFL_W01_TB_CIN_NFL_v1.0_2026-09-12T12:26:49.526460+00:00,NFL_v1.0,data/snapshots/pregame_2026_NFL_W01_TB_CIN.json,57ab9f8e8f61c80103b15296be88923a09968c17809bc0fbcbabb5856d4fe07c,-3.5,50.5,-205.0,170.0,draftkings,2026-09-12T23:01:41.793011+00:00,2026-09-12T17:01:53.330171+00:00,True
2026_NFL_W01_NO_DET,2026-09-13T17:41:48.750826+00:00,2026_NFL_W01_NO_DET_NFL_v1.0_2026-09-11T12:29:38.943495+00:00,NFL_v1.0,data/snapshots/pregame_2026_NFL_W01_NO_DET.json,72445155852960ae95ba91d874261137ce5f25a76bc930d1d79d3256423decd8,-7.0,49.5,-325.0,260.0,draftkings,2026-09-12T23:01:41.793217+00:00,2026-09-12T17:01:53.330171+00:00,True
2026_NFL_W01_BUF_HOU,2026-09-13T17:41:48.750826+00:00,2026_NFL_W01_BUF_HOU_NFL_v1.0_2026-09-12T12:26:49.526460+00:00,NFL_v1.0,data/snapshots/pregame_2026_NFL_W01_BUF_HOU.json,fa4ca109fd0ed5ed091ef7304843503de389832414a447975464dff2244e5467,1.5,44.5,-108.0,-112.0,draftkings,2026-09-12T23:01:42.254096+00:00,2026-09-12T17:01:53.330171+00:00,True
2026_NFL_W01_BAL_IND,2026-09-13T17:41:48.750826+00:00,2026_NFL_W01_BAL_IND_NFL_v1.0_2026-09-12T12:26:49.526460+00:00,NFL_v1.0,data/snapshots/pregame_2026_NFL_W01_BAL_IND.json,4f65c549f9e1915b670877ffb7d47a8194065221a799676f5d7e4102a466aee3,2.5,48.5,136.0,-162.0,draftkings,2026-09-12T23:01:42.712183+00:00,2026-09-12T17:01:53.330171+00:00,True
2026_NFL_W01_CLE_JAX,2026-09-13T17:41:48.750826+00:00,2026_NFL_W01_CLE_JAX_NFL_v1.0_2026-09-12T12:26:49.526460+00:00,NFL_v1.0,data/snapshots/pregame_2026_NFL_W01_CLE_JAX.json,c92e594cd3cab887b8c5e19c492bf74f036f552d81d2c20764da46d60b28f280,-8.5,40.5,-470.0,360.0,draftkings,2026-09-12T23:01:43.175091+00:00,2026-09-12T17:01:53.330171+00:00,True
2026_NFL_W01_ATL_PIT,2026-09-13T17:41:48.750826+00:00,2026_NFL_W01_ATL_PIT_NFL_v1.0_2026-09-13T12:27:57.967975+00:00,NFL_v1.0,data/snapshots/pregame_2026_NFL_W01_ATL_PIT.json,8d7ad6b66aa7ee7edd2d7ed163ae423b327daba84ee8182843a6801a6cc1fd58,-6.5,40.5,-298.0,240.0,draftkings,2026-09-12T23:01:43.632467+00:00,2026-09-12T17:01:53.330171+00:00,True
2026_NFL_W01_NYJ_TEN,2026-09-13T17:41:48.750826+00:00,2026_NFL_W01_NYJ_TEN_NFL_v1.0_2026-09-12T12:26:49.526460+00:00,NFL_v1.0,data/snapshots/pregame_2026_NFL_W01_NYJ_TEN.json,f5d171dbf27c0486b612cf6b209983757f7ae84daa70000652a28aae1b229065,-1.5,39.5,-118.0,-102.0,draftkings,2026-09-12T23:01:44.089826+00:00,2026-09-12T17:01:53.330171+00:00,True
2026_NFL_W01_ARI_LAC,2026-09-13T20:41:43.758342+00:00,2026_NFL_W01_ARI_LAC_NFL_v1.0_2026-09-11T12:29:38.943495+00:00,NFL_v1.0,data/snapshots/pregame_2026_NFL_W01_ARI_LAC.json,53a0342a40db55872cd9b3ca45fec106c325872f7cdca8725c66b8804d6da7b8,-8.5,47.5,-455.0,350.0,draftkings,2026-09-12T23:01:44.090030+00:00,2026-09-12T17:01:53.330171+00:00,True
2026_NFL_W01_MIA_LV,2026-09-13T20:41:43.758342+00:00,2026_NFL_W01_MIA_LV_NFL_v1.0_2026-09-11T12:29:38.943495+00:00,NFL_v1.0,data/snapshots/pregame_2026_NFL_W01_MIA_LV.json,a6d0159f6a11ab7f00c78afd68734b5e58c59a73bcfed436a6bc955a887b98ca,-3.0,40.5,-170.0,142.0,draftkings,2026-09-12T23:01:44.090148+00:00,2026-09-12T17:01:53.330171+00:00,True
2026_NFL_W01_GB_MIN,2026-09-13T20:41:43.758342+00:00,2026_NFL_W01_GB_MIN_NFL_v1.0_2026-09-13T12:27:57.967975+00:00,NFL_v1.0,data/snapshots/pregame_2026_NFL_W01_GB_MIN.json,78f2df514c1c4fe77c1cc0db7a669c112430ea1b60240275acd493ad10ec2f77,-1.5,46.5,-125.0,105.0,draftkings,2026-09-12T23:01:44.090250+00:00,2026-09-12T17:01:53.330171+00:00,True
2026_NFL_W01_WAS_PHI,2026-09-13T20:41:43.758342+00:00,2026_NFL_W01_WAS_PHI_NFL_v1.0_2026-09-12T12:26:49.526460+00:00,NFL_v1.0,data/snapshots/pregame_2026_NFL_W01_WAS_PHI.json,18a1b98a6d0efc6d53dcab6bb180bb21a5b985a89bcf1a32f62669f69ca8d683,-6.0,43.5,-245.0,200.0,draftkings,2026-09-12T23:01:44.551297+00:00,2026-09-12T17:01:53.330171+00:00,True
2026_NFL_W01_DAL_NYG,2026-09-14T00:48:33.400500+00:00,2026_NFL_W01_DAL_NYG_NFL_v1.0_2026-09-12T12:26:49.526460+00:00,NFL_v1.0,data/snapshots/pregame_2026_NFL_W01_DAL_NYG.json,5c6b78b526611ae993843966412c2d2dc7ab8aefb70100e2484bca8b3015b71f,3.0,47.5,140.0,-166.0,draftkings,2026-09-12T23:01:45.011214+00:00,2026-09-12T17:01:53.330171+00:00,True
2026_NFL_W01_DEN_KC,2026-09-15T00:48:44.458387+00:00,2026_NFL_W01_DEN_KC_NFL_v1.0_2026-09-12T12:26:49.526460+00:00,NFL_v1.0,data/snapshots/pregame_2026_NFL_W01_DEN_KC.json,80e8bb5cee1c858db3311614f04a255c9b8ecd2ece6ac3b01212310195ac50ff,-2.5,42.5,-130.0,110.0,draftkings,2026-09-14T23:02:08.766271+00:00,2026-09-14T17:02:26.877825+00:00,True
2026_CFB_W03_SYR_PITT,2026-09-17T23:40:01.369665+00:00,2026_CFB_W03_SYR_PITT_CFB_v1.0_2026-09-17T12:29:54.430606+00:00,CFB_v1.0,data/snapshots/pregame_2026_CFB_W03_SYR_PITT.json,0fc76a394b67c2241870be32d5efc320d3f730e5661df161c77cde957ea97d99,-10.5,51.5,-425.0,330.0,draftkings,2026-09-17T23:03:16.686951+00:00,,True
2026_NFL_W02_DET_BUF,2026-09-18T00:47:15.965060+00:00,2026_NFL_W02_DET_BUF_NFL_v1.0_2026-09-17T12:29:53.366660+00:00,NFL_v1.0,data/snapshots/pregame_2026_NFL_W02_DET_BUF.json,8500a43a5538ca29fd5b9c6d82fedab343f031cfa75177975f184f212c723e02,-5.5,54.5,-238.0,195.0,draftkings,2026-09-17T23:03:00.658103+00:00,2026-09-17T11:04:21.610810+00:00,True
2026_CFB_W03_MIA_WAKE,2026-09-18T23:40:06.662187+00:00,2026_CFB_W03_MIA_WAKE_CFB_v1.0_2026-09-18T12:28:24.311862+00:00,CFB_v1.0,data/snapshots/pregame_2026_CFB_W03_MIA_WAKE.json,52f1ce8fe9e91142423abfa53a326a9243af82fc8de07e2c9f293600d59de1fc,20.5,55.5,900.0,-1600.0,draftkings,2026-09-18T23:02:30.550577+00:00,,True
2026_CFB_W03_HOU_TTU,2026-09-19T00:46:35.434825+00:00,2026_CFB_W03_HOU_TTU_CFB_v1.0_2026-09-18T12:28:24.311862+00:00,CFB_v1.0,data/snapshots/pregame_2026_CFB_W03_HOU_TTU.json,d65a5a03817f1a9a110c3e4245dbbad1546cd78dffb024f3b172583c5490b6ce,-7.5,53.5,-290.0,235.0,draftkings,2026-09-18T23:02:31.185349+00:00,,True
2026_CFB_W03_FCS2502_ORE,2026-09-19T02:41:53.845064+00:00,,,data/snapshots/pregame_2026_CFB_W03_FCS2502_ORE.json,16093c5d8926fa59ebffba04d4aebbfee412bb4ed67dd2c2b9086aab3c5043e9,,,,,,2026-09-18T23:02:31.800389+00:00,,False
2026_CFB_W03_CCU_DEL,2026-09-19T15:40:55.371747+00:00,2026_CFB_W03_CCU_DEL_CFB_v1.0_2026-09-19T12:27:34.180369+00:00,CFB_v1.0,data/snapshots/pregame_2026_CFB_W03_CCU_DEL.json,21e1cf24ea2d5c352d46997ad77623e1ef4b5dae08a3dd61dcaf55ce2d208a03,-5.5,56.5,-205.0,170.0,draftkings,2026-09-19T11:05:26.370809+00:00,,True
2026_CFB_W03_AKR_MINN,2026-09-19T16:41:29.192266+00:00,2026_CFB_W03_AKR_MINN_CFB_v1.0_2026-09-19T12:27:34.180369+00:00,CFB_v1.0,data/snapshots/pregame_2026_CFB_W03_AKR_MINN.json,bd2e34c0a9db2f6059f645d91dad0e5e33e848072341f39110d4f1659b605dc5,-23.5,49.5,-2400.0,1200.0,draftkings,2026-09-19T11:05:27.614746+00:00,,True
2026_CFB_W03_UNT_TXST,2026-09-19T16:41:29.192266+00:00,2026_CFB_W03_UNT_TXST_CFB_v1.0_2026-09-19T12:27:34.180369+00:00,CFB_v1.0,data/snapshots/pregame_2026_CFB_W03_UNT_TXST.json,28032caba902257f453172517c426c71dda90af201878c90eca858185d38341e,-3.0,63.5,-148.0,124.0,draftkings,2026-09-19T11:05:28.915550+00:00,,True
2026_CFB_W03_BUF_PSU,2026-09-19T16:41:29.192266+00:00,2026_CFB_W03_BUF_PSU_CFB_v1.0_2026-09-19T12:27:34.180369+00:00,CFB_v1.0,data/snapshots/pregame_2026_CFB_W03_BUF_PSU.json,82c5ead574b2921e543a579f69c58f7ba337ca8d7cfb895b4777eda05e62a34e,-40.5,50.5,,,draftkings,2026-09-19T11:05:30.154926+00:00,,True
2026_CFB_W03_KENT_OSU,2026-09-19T16:41:29.192266+00:00,2026_CFB_W03_KENT_OSU_CFB_v1.0_2026-09-19T12:27:34.180369+00:00,CFB_v1.0,data/snapshots/pregame_2026_CFB_W03_KENT_OSU.json,a4e887abc1f296d1b6f197979c0932cb19d2bcd3ee271adbfce55431c45c801b,-52.5,59.5,,,draftkings,2026-09-19T11:05:31.403858+00:00,,True
2026_CFB_W03_FCS2382_GT,2026-09-19T16:41:29.192266+00:00,,,data/snapshots/pregame_2026_CFB_W03_FCS2382_GT.json,bcb5f2818474cb059bb5d75de6e2aff673fe0a1a53308581818aa0a55c0cbb59,,,,,,2026-09-19T11:05:32.650859+00:00,,False
2026_CFB_W03_UNC_CLEM,2026-09-19T16:41:29.192266+00:00,2026_CFB_W03_UNC_CLEM_CFB_v1.0_2026-09-19T12:27:34.180369+00:00,CFB_v1.0,data/snapshots/pregame_2026_CFB_W03_UNC_CLEM.json,8b266dcf1ae90f45ba2b94ef15564514ee13c65bbaddd3e7566183b569714040,-3.5,43.5,-175.0,145.0,draftkings,2026-09-19T11:05:33.922661+00:00,,True
2026_CFB_W03_BGSU_ISU,2026-09-19T16:41:29.192266+00:00,2026_CFB_W03_BGSU_ISU_CFB_v1.0_2026-09-19T12:27:34.180369+00:00,CFB_v1.0,data/snapshots/pregame_2026_CFB_W03_BGSU_ISU.json,d4d192d3b352d59907cf3f79227dd93c8e033bc5f63392cef758e45adb33cc3d,-23.5,44.5,-2800.0,1300.0,draftkings,2026-09-19T11:05:35.179226+00:00,,True
2026_CFB_W03_TULN_KSU,2026-09-19T16:41:29.192266+00:00,2026_CFB_W03_TULN_KSU_CFB_v1.0_2026-09-19T12:27:34.180369+00:00,CFB_v1.0,data/snapshots/pregame_2026_CFB_W03_TULN_KSU.json,0f158fe6a40a618c898a1204084b3d6cefffca3a0f1d348ae16a00e1df5dfedd,-20.5,49.5,-1800.0,1000.0,draftkings,2026-09-19T11:05:36.429405+00:00,,True
2026_CFB_W03_UGA_ARK,2026-09-19T16:41:29.192266+00:00,2026_CFB_W03_UGA_ARK_CFB_v1.0_2026-09-19T12:27:34.180369+00:00,CFB_v1.0,data/snapshots/pregame_2026_CFB_W03_UGA_ARK.json,70260ca010f5f1663523564ba9d1efd2ffa0a8f512598de552429e2b8febb832,24.5,54.5,1400.0,-3200.0,draftkings,2026-09-19T11:05:37.705077+00:00,,True
2026_CFB_W03_ASU_KU,2026-09-19T16:41:29.192266+00:00,2026_CFB_W03_ASU_KU_CFB_v1.0_2026-09-19T12:27:34.180369+00:00,CFB_v1.0,data/snapshots/pregame_2026_CFB_W03_ASU_KU.json,073c2c7b45979a43d799247d03cc759ed4d3d4a4d14069b73ba0a8c466e3f4d9,5.5,50.5,170.0,-205.0,draftkings,2026-09-19T11:05:39.047999+00:00,,True
2026_CFB_W03_EMU_WIS,2026-09-19T16:41:29.192266+00:00,2026_CFB_W03_EMU_WIS_CFB_v1.0_2026-09-19T12:27:34.180369+00:00,CFB_v1.0,data/snapshots/pregame_2026_CFB_W03_EMU_WIS.json,95b0e24ec5ccb5682d6680371f38b05d7407b5abb2d1eb19de76bf73a63b1767,-24.5,45.5,-2400.0,1200.0,draftkings,2026-09-19T11:05:40.306827+00:00,,True
2026_CFB_W03_NCSU_VAN,2026-09-19T17:39:45.624570+00:00,2026_CFB_W03_NCSU_VAN_CFB_v1.0_2026-09-19T12:27:34.180369+00:00,CFB_v1.0,data/snapshots/pregame_2026_CFB_W03_NCSU_VAN.json,810ff36495a4827824b383335e73f61ab5bb0fd6dbe06262f60171f70ff62287,-3.5,50.5,-175.0,145.0,draftkings,2026-09-19T11:05:41.596139+00:00,,True
2026_CFB_W03_WYO_CMU,2026-09-19T17:39:45.624570+00:00,2026_CFB_W03_WYO_CMU_CFB_v1.0_2026-09-19T12:27:34.180369+00:00,CFB_v1.0,data/snapshots/pregame_2026_CFB_W03_WYO_CMU.json,e06168c65338b1a66874b52c9e84abb78020eff835acb308ab1688c022e7119c,-1.5,39.5,-120.0,100.0,draftkings,2026-09-19T11:05:42.877086+00:00,,True
2026_CFB_W03_FCS79_ILL,2026-09-19T18:42:53.284986+00:00,,,data/snapshots/pregame_2026_CFB_W03_FCS79_ILL.json,cf1ad0346004d1a028bbbc9e18021c2af9b2f20480c46349a3d51913bcdb2f65,,,,,,2026-09-19T17:02:38.632560+00:00,,False
2026_CFB_W03_FCS311_BC,2026-09-19T18:42:53.284986+00:00,,,data/snapshots/pregame_2026_CFB_W03_FCS311_BC.json,9f6d0c9405755d63c4103ab0b69e7faf1a0a3c69100ea96c7fdf1437d79bdf42,,,,,,2026-09-19T17:02:39.857012+00:00,,False
2026_CFB_W03_TEM_TOL,2026-09-19T19:39:40.241622+00:00,2026_CFB_W03_TEM_TOL_CFB_v1.0_2026-09-19T12:27:34.180369+00:00,CFB_v1.0,data/snapshots/pregame_2026_CFB_W03_TEM_TOL.json,073807aa5f1cf438dbbbf5a66d8a36bd848471edf55debec528497e3265de053,-6.0,50.5,-218.0,180.0,draftkings,2026-09-19T17:02:41.132192+00:00,,True
2026_CFB_W03_FCS2184_WSU,2026-09-19T19:39:40.241622+00:00,,,data/snapshots/pregame_2026_CFB_W03_FCS2184_WSU.json,8d5554e03bb0b6b4a405fc899e1c35fb027550ef8a0a0ec5021ef61e5f9a2b4e,,,,,,2026-09-19T17:02:42.379065+00:00,,False
2026_CFB_W03_FCS2681_CAL,2026-09-19T19:39:40.241622+00:00,,,data/snapshots/pregame_2026_CFB_W03_FCS2681_CAL.json,27a54a1ebbd044f94346d0f500552da03857c17fd190fc05f0983f5439803790,,,,,,2026-09-19T17:02:43.619971+00:00,,False
2026_CFB_W03_SMU_LOU,2026-09-19T19:39:40.241622+00:00,2026_CFB_W03_SMU_LOU_CFB_v1.0_2026-09-19T12:27:34.180369+00:00,CFB_v1.0,data/snapshots/pregame_2026_CFB_W03_SMU_LOU.json,a495ce93e97a477c72f37eeabd03b529d15ea82ae2543213a31257668465dc59,-1.5,59.5,-120.0,100.0,draftkings,2026-09-19T17:02:44.855912+00:00,,True
2026_CFB_W03_USU_UTAH,2026-09-19T19:39:40.241622+00:00,2026_CFB_W03_USU_UTAH_CFB_v1.0_2026-09-19T12:27:34.180369+00:00,CFB_v1.0,data/snapshots/pregame_2026_CFB_W03_USU_UTAH.json,c885eaf5a4735af31ea8a3305784a02f6c51059c0709bef6594b099fb8721d4d,-28.5,56.5,-6500.0,2000.0,draftkings,2026-09-19T17:02:46.077769+00:00,,True
2026_CFB_W03_MOH_CIN,2026-09-19T19:39:40.241622+00:00,2026_CFB_W03_MOH_CIN_CFB_v1.0_2026-09-19T12:27:34.180369+00:00,CFB_v1.0,data/snapshots/pregame_2026_CFB_W03_MOH_CIN.json,3dcff29105337ace76590a81e5332f9c2e7532e89b963e2094076c85b8ec6af0,-14.5,49.5,-700.0,500.0,draftkings,2026-09-19T17:02:47.310944+00:00,,True
2026_CFB_W03_UK_TAM,2026-09-19T19:39:40.241622+00:00,2026_CFB_W03_UK_TAM_CFB_v1.0_2026-09-19T12:27:34.180369+00:00,CFB_v1.0,data/snapshots/pregame_2026_CFB_W03_UK_TAM.json,01c7eedf48fa9c54510ab8cfc48c3b30ce2a9c6741094a0045cdf0a2108f1d2f,,,,,,2026-09-19T17:02:48.545980+00:00,,True
2026_CFB_W03_FSU_ALA,2026-09-19T19:39:40.241622+00:00,2026_CFB_W03_FSU_ALA_CFB_v1.0_2026-09-19T12:27:34.180369+00:00,CFB_v1.0,data/snapshots/pregame_2026_CFB_W03_FSU_ALA.json,41e68160a3332185799f99cc1f57de818fff7f4ddb7a3a8aa5983dba0b39f007,-19.5,48.5,-1350.0,800.0,draftkings,2026-09-19T17:02:49.817323+00:00,,True
2026_CFB_W03_FCS284_MASS,2026-09-19T19:39:40.241622+00:00,,,data/snapshots/pregame_2026_CFB_W03_FCS284_MASS.json,168dd7097b92efce40db9e0b6a5c3674b129998ca2913888a768ca68e5865de3,,,,,,2026-09-19T17:02:51.056948+00:00,,False
2026_CFB_W03_UTEP_MICH,2026-09-19T19:39:40.241622+00:00,2026_CFB_W03_UTEP_MICH_CFB_v1.0_2026-09-19T12:27:34.180369+00:00,CFB_v1.0,data/snapshots/pregame_2026_CFB_W03_UTEP_MICH.json,a18a9cfb8d236815c6861d84ced63e81788de8255322839617b0e65823f592b7,-35.5,49.5,,,draftkings,2026-09-19T17:02:52.324572+00:00,,True
2026_CFB_W03_USC_RUTG,2026-09-19T19:39:40.241622+00:00,2026_CFB_W03_USC_RUTG_CFB_v1.0_2026-09-19T12:27:34.180369+00:00,CFB_v1.0,data/snapshots/pregame_2026_CFB_W03_USC_RUTG.json,c11e58e18a7ed43ca3fa1af11cbbba3f2388d7dbead26ecea772dff6e2ac7cfa,24.5,59.5,1000.0,-1800.0,draftkings,2026-09-19T17:02:53.698679+00:00,,True
2026_CFB_W03_BALL_LIB,2026-09-19T20:41:05.566778+00:00,2026_CFB_W03_BALL_LIB_CFB_v1.0_2026-09-19T12:27:34.180369+00:00,CFB_v1.0,data/snapshots/pregame_2026_CFB_W03_BALL_LIB.json,91be3f2d372244bb28b52c54b2e0e872023703c5681f7426692dba53a6c249a5,-14.5,49.5,-600.0,440.0,draftkings,2026-09-19T17:02:55.033827+00:00,,True
2026_CFB_W03_STAN_DUKE,2026-09-19T20:41:05.566778+00:00,2026_CFB_W03_STAN_DUKE_CFB_v1.0_2026-09-19T12:27:34.180369+00:00,CFB_v1.0,data/snapshots/pregame_2026_CFB_W03_STAN_DUKE.json,add4d92ddf8ff22dab9f5c1389adecebec307d6c19201a62c376990d3fb8c3e9,-9.5,50.5,-375.0,295.0,draftkings,2026-09-19T17:02:56.282029+00:00,,True
2026_CFB_W03_WKU_IU,2026-09-19T20:41:05.566778+00:00,2026_CFB_W03_WKU_IU_CFB_v1.0_2026-09-19T12:27:34.180369+00:00,CFB_v1.0,data/snapshots/pregame_2026_CFB_W03_WKU_IU.json,53dd99a52a0ad14baff4c0ab62d0c4501581cedbe70bd5e3eb4f155ba3afe1f5,-44.5,60.5,,,draftkings,2026-09-19T17:02:57.551419+00:00,,True
2026_CFB_W03_FCS2460_IOWA,2026-09-19T20:41:05.566778+00:00,,,data/snapshots/pregame_2026_CFB_W03_FCS2460_IOWA.json,58739b55e2ecffcb119e6f3c0d645c350dbf4e55342bd89eebd0e132efa3768a,,,,,,2026-09-19T17:02:58.919856+00:00,,False
2026_CFB_W03_LT_BAY,2026-09-19T20:41:05.566778+00:00,2026_CFB_W03_LT_BAY_CFB_v1.0_2026-09-19T12:27:34.180369+00:00,CFB_v1.0,data/snapshots/pregame_2026_CFB_W03_LT_BAY.json,967ee2c61c6496b23ae90a1d5b26ec2d0281523f352b5b6e8dcdbc1ca5bb8c59,-19.5,53.5,-1350.0,800.0,draftkings,2026-09-19T17:03:00.189770+00:00,,True
2026_CFB_W03_MSST_SC,2026-09-19T20:41:05.566778+00:00,2026_CFB_W03_MSST_SC_CFB_v1.0_2026-09-19T12:27:34.180369+00:00,CFB_v1.0,data/snapshots/pregame_2026_CFB_W03_MSST_SC.json,c5cd551c1d53a921fca407f11411e3fd5ad33a0adb6364d9a13f2234662248d3,-4.0,58.5,-180.0,150.0,draftkings,2026-09-19T20:02:13.522333+00:00,,True
2026_CFB_W03_FCS2545_ULM,2026-09-19T20:41:05.566778+00:00,,,data/snapshots/pregame_2026_CFB_W03_FCS2545_ULM.json,019013eb3fa0d414a9c9d8a0496144f5177cce547b3f7a4201bf975569438c62,,,,,,2026-09-19T20:02:14.271359+00:00,,False
2026_CFB_W03_FIU_FAU,2026-09-19T22:40:18.438184+00:00,2026_CFB_W03_FIU_FAU_CFB_v1.0_2026-09-19T12:27:34.180369+00:00,CFB_v1.0,data/snapshots/pregame_2026_CFB_W03_FIU_FAU.json,d07b42d89fd5890f2475bb4093bfbbec34d869585201ae93c613c439aedfb5c8,-7.0,62.5,-278.0,225.0,draftkings,2026-09-19T20:02:15.022077+00:00,,True
2026_CFB_W03_ECU_ODU,2026-09-19T22:40:18.438184+00:00,2026_CFB_W03_ECU_ODU_CFB_v1.0_2026-09-19T12:27:34.180369+00:00,CFB_v1.0,data/snapshots/pregame_2026_CFB_W03_ECU_ODU.json,c1427ca3f36533b41173d051b2cabee53dc72ff41c5dc1ab61f288436a74a969,-3.0,48.5,-148.0,124.0,draftkings,2026-09-19T20:02:15.758964+00:00,,True
2026_CFB_W03_CLT_APP,2026-09-19T22:40:18.438184+00:00,2026_CFB_W03_CLT_APP_CFB_v1.0_2026-09-19T12:27:34.180369+00:00,CFB_v1.0,data/snapshots/pregame_2026_CFB_W03_CLT_APP.json,f39997103642e4f96495942117c0f214c54fbaacc08c2e55ab8b09ae61a64241,-17.5,51.5,-1000.0,650.0,draftkings,2026-09-19T20:02:16.505104+00:00,,True
2026_CFB_W03_MRSH_MOST,2026-09-19T22:40:18.438184+00:00,2026_CFB_W03_MRSH_MOST_CFB_v1.0_2026-09-19T12:27:34.180369+00:00,CFB_v1.0,data/snapshots/pregame_2026_CFB_W03_MRSH_MOST.json,aabd6d65561ac3c29b45b5fc6dac5dd5469490eb51e7add60b13926800debfd6,4.0,52.5,145.0,-175.0,draftkings,2026-09-19T20:02:17.241599+00:00,,True
2026_CFB_W03_FCS2169_USF,2026-09-19T23:40:19.034467+00:00,,,data/snapshots/pregame_2026_CFB_W03_FCS2169_USF.json,4d4f8116b626d981952cc43db9bbe71fd09ad35553cb704fbb8f6226caf45c11,,,,,,2026-09-19T20:02:17.242017+00:00,,False
2026_CFB_W03_NEV_MTSU,2026-09-19T23:40:19.034467+00:00,2026_CFB_W03_NEV_MTSU_CFB_v1.0_2026-09-19T12:27:34.180369+00:00,CFB_v1.0,data/snapshots/pregame_2026_CFB_W03_NEV_MTSU.json,322c802ca193dfc52687b39211bcf23bca2ff13a71972e5575ca7b43a7aad678,3.5,50.5,150.0,-180.0,draftkings,2026-09-19T20:02:17.988155+00:00,,True
2026_CFB_W03_WMU_RICE,2026-09-19T23:40:19.034467+00:00,2026_CFB_W03_WMU_RICE_CFB_v1.0_2026-09-19T12:27:34.180369+00:00,CFB_v1.0,data/snapshots/pregame_2026_CFB_W03_WMU_RICE.json,e5988213e225387f4799ab7e86d4bcd93b361fec8eb83fd76982503a5595f30d,9.5,43.5,295.0,-375.0,draftkings,2026-09-19T20:02:18.752518+00:00,,True
2026_CFB_W03_TROY_MIZ,2026-09-19T23:40:19.034467+00:00,2026_CFB_W03_TROY_MIZ_CFB_v1.0_2026-09-19T12:27:34.180369+00:00,CFB_v1.0,data/snapshots/pregame_2026_CFB_W03_TROY_MIZ.json,c1a20c5f2ef797f95862204064a7eb08d5608f37a8a74e49d154148935a4ec6c,-27.5,50.5,-6500.0,2000.0,draftkings,2026-09-19T20:02:19.491967+00:00,,True
2026_CFB_W03_FCS2630_MEM,2026-09-19T23:40:19.034467+00:00,,,data/snapshots/pregame_2026_CFB_W03_FCS2630_MEM.json,0b81cbda858000169e0cbba5ba047e39ea422269f5cdf16e5be7f80c72fcaed9,,,,,,2026-09-19T20:02:20.222949+00:00,,False
2026_CFB_W03_CONN_USM,2026-09-19T23:40:19.034467+00:00,2026_CFB_W03_CONN_USM_CFB_v1.0_2026-09-19T12:27:34.180369+00:00,CFB_v1.0,data/snapshots/pregame_2026_CFB_W03_CONN_USM.json,64e58f2ec44042be83be6fe090af66fec0b7fbb74b2feedae32db2b56568683f,3.0,54.5,130.0,-155.0,draftkings,2026-09-19T20:02:20.974345+00:00,,True
2026_CFB_W03_FCS2447_SHSU,2026-09-19T23:40:19.034467+00:00,,,data/snapshots/pregame_2026_CFB_W03_FCS2447_SHSU.json,cdbb177711206a4227fcd0760b0fabdea42f474790cc5cd119241b56074bb919,,,,,,2026-09-19T20:02:21.713218+00:00,,False
2026_CFB_W03_FLA_AUB,2026-09-19T23:40:19.034467+00:00,2026_CFB_W03_FLA_AUB_CFB_v1.0_2026-09-19T12:27:34.180369+00:00,CFB_v1.0,data/snapshots/pregame_2026_CFB_W03_FLA_AUB.json,f4b650a961ead26aa0e517f7670eaccb0e257cccc2b6c405f667833cc94d0080,2.5,53.5,110.0,-130.0,draftkings,2026-09-19T20:02:22.444224+00:00,,True
2026_CFB_W03_GASO_JXST,2026-09-19T23:40:19.034467+00:00,2026_CFB_W03_GASO_JXST_CFB_v1.0_2026-09-19T12:27:34.180369+00:00,CFB_v1.0,data/snapshots/pregame_2026_CFB_W03_GASO_JXST.json,0fa3a3e2b6b6a832779d63f42ec187a096bed328a1cd22a6aa58ec3adde5c74b,-3.0,52.5,-180.0,150.0,draftkings,2026-09-19T20:02:23.191372+00:00,,True
2026_CFB_W03_GAST_UCF,2026-09-19T23:40:19.034467+00:00,2026_CFB_W03_GAST_UCF_CFB_v1.0_2026-09-19T12:27:34.180369+00:00,CFB_v1.0,data/snapshots/pregame_2026_CFB_W03_GAST_UCF.json,90fe525b43e33fd0f384733d4e0947985eb0e7c98cc584cf62d9ac3dbd306ff2,-18.5,50.5,-1200.0,750.0,draftkings,2026-09-19T20:02:23.921149+00:00,,True
2026_CFB_W03_FCS93_OKST,2026-09-19T23:40:19.034467+00:00,,,data/snapshots/pregame_2026_CFB_W03_FCS93_OKST.json,3bcb34a252d6229c8d6f31fd6959cceb46df79f19077b223486cebbccd3a3bf4,,,,,,2026-09-19T20:02:24.649767+00:00,,False
2026_CFB_W03_OHIO_USA,2026-09-19T23:40:19.034467+00:00,2026_CFB_W03_OHIO_USA_CFB_v1.0_2026-09-19T12:27:34.180369+00:00,CFB_v1.0,data/snapshots/pregame_2026_CFB_W03_OHIO_USA.json,a017b2e7e4ce8de35a7fce79f45fa2e6bc1e8c61832fc84bad481f1b56b9d199,-7.0,49.5,-265.0,215.0,draftkings,2026-09-19T20:02:25.409546+00:00,,True
2026_CFB_W03_FCS331_WASH,2026-09-19T23:40:19.034467+00:00,,,data/snapshots/pregame_2026_CFB_W03_FCS331_WASH.json,13760b487c46bcaf618086b48250ee5fee5e5dfe71444547dc59269c419712a7,,,,,,2026-09-19T23:02:55.072414+00:00,,False
2026_CFB_W03_FCS155_NEB,2026-09-19T23:40:19.034467+00:00,,,data/snapshots/pregame_2026_CFB_W03_FCS155_NEB.json,a9dd329edf16a056827425a2eefdad12ebbf3038b2a48aa5414d361545647e7c,,,,,,2026-09-19T23:02:55.788187+00:00,,False
2026_CFB_W03_VT_MD,2026-09-19T23:40:19.034467+00:00,2026_CFB_W03_VT_MD_CFB_v1.0_2026-09-19T12:27:34.180369+00:00,CFB_v1.0,data/snapshots/pregame_2026_CFB_W03_VT_MD.json,23abd21e73b9417d51218f5a2602fe05d28d6a9289db1fadf6ee1fe89841c9f8,3.0,53.5,124.0,-148.0,draftkings,2026-09-19T23:02:56.417949+00:00,,True
2026_CFB_W03_LSU_MISS,2026-09-19T23:40:19.034467+00:00,2026_CFB_W03_LSU_MISS_CFB_v1.0_2026-09-19T12:27:34.180369+00:00,CFB_v1.0,data/snapshots/pregame_2026_CFB_W03_LSU_MISS.json,3c073ed91d2b77cc8c8d6bf32b4d29d1257d3fe36117b3f1af8bdc9736c05d76,3.0,58.5,136.0,-162.0,draftkings,2026-09-19T23:02:57.130648+00:00,,True
2026_CFB_W03_UNM_OU,2026-09-19T23:40:19.034467+00:00,2026_CFB_W03_UNM_OU_CFB_v1.0_2026-09-19T12:27:34.180369+00:00,CFB_v1.0,data/snapshots/pregame_2026_CFB_W03_UNM_OU.json,eda2dfe5a5e3b51980061bd9f6d27194885b589f3335b5ff830c2e8cb3df9b72,-22.5,46.5,-2100.0,1100.0,draftkings,2026-09-19T23:02:57.756757+00:00,,True
2026_CFB_W03_BYU_CSU,2026-09-19T23:40:19.034467+00:00,2026_CFB_W03_BYU_CSU_CFB_v1.0_2026-09-19T12:27:34.180369+00:00,CFB_v1.0,data/snapshots/pregame_2026_CFB_W03_BYU_CSU.json,dd29813b13e2e18da0d753648aed2a581de21cedf4cb609ca37bc093e7b3265f,17.5,52.5,650.0,-1000.0,draftkings,2026-09-19T23:02:58.377413+00:00,,True
2026_CFB_W03_COLO_NU,2026-09-19T23:40:19.034467+00:00,2026_CFB_W03_COLO_NU_CFB_v1.0_2026-09-19T12:27:34.180369+00:00,CFB_v1.0,data/snapshots/pregame_2026_CFB_W03_COLO_NU.json,d80dfd699399f7b4ffb5ddaacca624c8205ab0070b5469ba8748cde9ae759d7b,-3.5,48.5,-175.0,145.0,draftkings,2026-09-19T23:02:59.034656+00:00,,True
2026_CFB_W03_MSU_ND,2026-09-19T23:40:19.034467+00:00,2026_CFB_W03_MSU_ND_CFB_v1.0_2026-09-19T12:27:34.180369+00:00,CFB_v1.0,data/snapshots/pregame_2026_CFB_W03_MSU_ND.json,e757861507c139c0397ba8489089aef3501923bbe04042c6a9ad82208e9fceaf,-29.5,52.5,-4500.0,1700.0,draftkings,2026-09-19T23:02:59.659217+00:00,,True
2026_CFB_W03_WVU_UVA,2026-09-19T23:40:19.034467+00:00,2026_CFB_W03_WVU_UVA_CFB_v1.0_2026-09-19T12:27:34.180369+00:00,CFB_v1.0,data/snapshots/pregame_2026_CFB_W03_WVU_UVA.json,f0aa315c7de5608ed0d926b3fb45624565bd1c4cfc427353661cb4b61c5017f3,-10.5,53.5,-395.0,310.0,draftkings,2026-09-19T23:03:00.275602+00:00,,True
2026_CFB_W03_KENN_TENN,2026-09-20T00:47:06.960506+00:00,2026_CFB_W03_KENN_TENN_CFB_v1.0_2026-09-19T12:27:34.180369+00:00,CFB_v1.0,data/snapshots/pregame_2026_CFB_W03_KENN_TENN.json,2ce343187475f2f5433165238c577ce8cdcb23159adbdf19c922850a3d7e27da,-35.5,59.5,-100000.0,5000.0,draftkings,2026-09-19T23:03:00.977604+00:00,,True
2026_CFB_W03_ARST_TCU,2026-09-20T00:47:06.960506+00:00,2026_CFB_W03_ARST_TCU_CFB_v1.0_2026-09-19T12:27:34.180369+00:00,CFB_v1.0,data/snapshots/pregame_2026_CFB_W03_ARST_TCU.json,653107487dfb85dd41c3a3ddd37877f6100f1bc39373fd2410bea22a25f5272e,-19.5,56.5,-1350.0,800.0,draftkings,2026-09-19T23:03:01.660855+00:00,,True
2026_CFB_W03_UTSA_TEX,2026-09-20T00:47:06.960506+00:00,2026_CFB_W03_UTSA_TEX_CFB_v1.0_2026-09-19T12:27:34.180369+00:00,CFB_v1.0,data/snapshots/pregame_2026_CFB_W03_UTSA_TEX.json,9884dcfe016175046a7c2477c3bc32125ef8186da578992a31d3e0016862d99c,,,,,,2026-09-19T23:03:02.361880+00:00,,True
2026_CFB_W03_FCS2837_TLSA,2026-09-20T00:47:06.960506+00:00,,,data/snapshots/pregame_2026_CFB_W03_FCS2837_TLSA.json,6ab5475ee4ca1b8ade18ace9e93015bca6a3c1f16ed7e04563b3ed66934d4ac2,,,,,,2026-09-19T23:03:03.012707+00:00,,False
2026_CFB_W03_UAB_UL,2026-09-20T00:47:06.960506+00:00,2026_CFB_W03_UAB_UL_CFB_v1.0_2026-09-19T12:27:34.180369+00:00,CFB_v1.0,data/snapshots/pregame_2026_CFB_W03_UAB_UL.json,acfd85cffb7239815e13eb813288ef4a0c94849a65f74f4457ff144a3d8cfa50,-7.5,56.5,-310.0,250.0,draftkings,2026-09-19T23:03:03.639421+00:00,,True
2026_CFB_W03_FCS233_BOIS,2026-09-20T02:42:09.385741+00:00,,,data/snapshots/pregame_2026_CFB_W03_FCS233_BOIS.json,ff08f6f915c5c2635fc1c61ee5c11ee1a2345fd045d54eaa1d7c78fe047966dd,,,,,,2026-09-19T23:03:04.264005+00:00,,False
2026_CFB_W03_JMU_SDSU,2026-09-20T02:42:09.385741+00:00,2026_CFB_W03_JMU_SDSU_CFB_v1.0_2026-09-19T12:27:34.180369+00:00,CFB_v1.0,data/snapshots/pregame_2026_CFB_W03_JMU_SDSU.json,60b550dbd1dcd3a4c798eaabef0a93a37ea9dac630e797b86f135d370de7757e,-2.5,46.5,-135.0,114.0,draftkings,2026-09-19T23:03:04.912024+00:00,,True
2026_CFB_W03_NDSU_SAC,2026-09-20T02:42:09.385741+00:00,2026_CFB_W03_NDSU_SAC_CFB_v1.0_2026-09-19T12:27:34.180369+00:00,CFB_v1.0,data/snapshots/pregame_2026_CFB_W03_NDSU_SAC.json,1da03246b4bb3e24cbb372cc922fc4270432cd8886525202c2149a6e6713ec2c,27.5,51.5,2200.0,-8000.0,draftkings,2026-09-19T23:03:05.601776+00:00,,True
2026_CFB_W03_NIU_ARIZ,2026-09-20T02:42:09.385741+00:00,2026_CFB_W03_NIU_ARIZ_CFB_v1.0_2026-09-19T12:27:34.180369+00:00,CFB_v1.0,data/snapshots/pregame_2026_CFB_W03_NIU_ARIZ.json,abbe3ccc2e25531819fe970ddc8e126a85a42fffe0303bc6402470e99db5558e,-34.5,49.5,-100000.0,5000.0,draftkings,2026-09-19T23:03:06.230852+00:00,,True
2026_CFB_W03_PUR_UCLA,2026-09-20T03:42:54.697538+00:00,2026_CFB_W03_PUR_UCLA_CFB_v1.0_2026-09-19T12:27:34.180369+00:00,CFB_v1.0,data/snapshots/pregame_2026_CFB_W03_PUR_UCLA.json,4371480d4425f8adcb902281e6b7265dfff82bc538f7fcf4643c04b9d950e8b6,-14.0,53.5,-625.0,455.0,draftkings,2026-09-19T23:03:06.879011+00:00,,True
2026_CFB_W03_FRES_SJSU,2026-09-20T03:42:54.697538+00:00,2026_CFB_W03_FRES_SJSU_CFB_v1.0_2026-09-19T12:27:34.180369+00:00,CFB_v1.0,data/snapshots/pregame_2026_CFB_W03_FRES_SJSU.json,31b52ec25d03b53aa35982105e1c6992c8b2e316cfdb5eb4c98cd89166fec85a,,,,,,2026-09-19T23:03:07.510167+00:00,,True
2026_CFB_W03_FCS149_ORST,2026-09-20T03:42:54.697538+00:00,,,data/snapshots/pregame_2026_CFB_W03_FCS149_ORST.json,d2ed7e897dfb29ad35bd29a2afab94ace06a61a1f5e6512f7a2b5e565db9b8fd,,,,,,2026-09-19T23:03:08.151237+00:00,,False
2026_NFL_W02_CAR_ATL,2026-09-20T17:40:53.079494+00:00,2026_NFL_W02_CAR_ATL_NFL_v1.0_2026-09-20T12:27:22.311597+00:00,NFL_v1.0,data/snapshots/pregame_2026_NFL_W02_CAR_ATL.json,e9ce2fa3c914495d0437c2c94af20ce570c7ff1a182dcd65b35b6b0446569b5c,2.5,43.5,114.0,-135.0,draftkings,2026-09-20T11:05:08.152867+00:00,2026-09-19T11:03:56.866647+00:00,True
2026_NFL_W02_NO_BAL,2026-09-20T17:40:53.079494+00:00,2026_NFL_W02_NO_BAL_NFL_v1.0_2026-09-20T12:27:22.311597+00:00,NFL_v1.0,data/snapshots/pregame_2026_NFL_W02_NO_BAL.json,6416d23092d68577df7608a3e98f5a34703f33a4ddbdbbcb23c49e7cb1d5c3ca,-7.5,47.5,-410.0,320.0,draftkings,2026-09-20T11:05:09.481776+00:00,2026-09-19T11:03:56.866647+00:00,True
2026_NFL_W02_MIN_CHI,2026-09-20T17:40:53.079494+00:00,2026_NFL_W02_MIN_CHI_NFL_v1.0_2026-09-20T12:27:22.311597+00:00,NFL_v1.0,data/snapshots/pregame_2026_NFL_W02_MIN_CHI.json,64d504fa9e2337e95af4d2328a359c2a46cc0f80c87d88594656eb06dc69637f,-5.5,47.5,-230.0,190.0,draftkings,2026-09-20T11:05:10.786261+00:00,2026-09-19T11:03:56.866647+00:00,True
2026_NFL_W02_CIN_HOU,2026-09-20T17:40:53.079494+00:00,2026_NFL_W02_CIN_HOU_NFL_v1.0_2026-09-20T12:27:22.311597+00:00,NFL_v1.0,data/snapshots/pregame_2026_NFL_W02_CIN_HOU.json,79125c52f2d4b9559e80830330b3bf1e9aada22d50af70c398fcc56518fcccf9,-2.5,46.5,-142.0,120.0,draftkings,2026-09-20T11:05:12.121324+00:00,2026-09-19T11:03:56.866647+00:00,True
2026_NFL_W02_PIT_NE,2026-09-20T17:40:53.079494+00:00,2026_NFL_W02_PIT_NE_NFL_v1.0_2026-09-20T12:27:22.311597+00:00,NFL_v1.0,data/snapshots/pregame_2026_NFL_W02_PIT_NE.json,66791b93917d7cd2713c1ee22bf40e4837d7b1fd6fd56a723029647513107ec0,-4.5,41.5,-225.0,185.0,draftkings,2026-09-20T11:05:13.450045+00:00,2026-09-20T11:03:57.038362+00:00,True
2026_NFL_W02_GB_NYJ,2026-09-20T17:40:53.079494+00:00,2026_NFL_W02_GB_NYJ_NFL_v1.0_2026-09-20T12:27:22.311597+00:00,NFL_v1.0,data/snapshots/pregame_2026_NFL_W02_GB_NYJ.json,11deabfbbe8220049a9273447f08b532197f629b42b4ab4837365d488df0e811,4.5,44.5,170.0,-205.0,draftkings,2026-09-20T11:05:14.775438+00:00,2026-09-19T11:03:56.866647+00:00,True
2026_NFL_W02_CLE_TB,2026-09-20T17:40:53.079494+00:00,2026_NFL_W02_CLE_TB_NFL_v1.0_2026-09-20T12:27:22.311597+00:00,NFL_v1.0,data/snapshots/pregame_2026_NFL_W02_CLE_TB.json,0bdfc71c1b04244acfef70e097bc349bd36611024329b718f8c63a8d8bcf705a,-8.5,41.5,-395.0,310.0,draftkings,2026-09-20T11:05:16.128799+00:00,2026-09-20T11:03:57.038362+00:00,True
2026_NFL_W02_PHI_TEN,2026-09-20T17:40:53.079494+00:00,2026_NFL_W02_PHI_TEN_NFL_v1.0_2026-09-20T12:27:22.311597+00:00,NFL_v1.0,data/snapshots/pregame_2026_NFL_W02_PHI_TEN.json,d85cd9b17e45e607b9f9581cf5466b274d2a0dfcc8663ffaa309b2d491d190e5,7.0,39.5,250.0,-310.0,draftkings,2026-09-20T11:05:17.459904+00:00,2026-09-19T11:03:56.866647+00:00,True
2026_NFL_W02_JAX_DEN,2026-09-20T20:41:24.558591+00:00,2026_NFL_W02_JAX_DEN_NFL_v1.0_2026-09-20T12:27:22.311597+00:00,NFL_v1.0,data/snapshots/pregame_2026_NFL_W02_JAX_DEN.json,acfda7db01b95e425c7066bbf6d46e089ab5857e8535e2becca6f4d28d48e8cc,-3.0,45.5,-155.0,130.0,draftkings,2026-09-20T20:02:02.055945+00:00,2026-09-19T11:03:56.866647+00:00,True
2026_NFL_W02_LV_LAC,2026-09-20T20:41:24.558591+00:00,2026_NFL_W02_LV_LAC_NFL_v1.0_2026-09-19T12:27:33.279532+00:00,NFL_v1.0,data/snapshots/pregame_2026_NFL_W02_LV_LAC.json,59f2b537fd07452c6ef0020570fa85ca135e7f62e9aee35966d1fd976fa13ba0,-6.5,43.5,-298.0,240.0,draftkings,2026-09-20T20:02:02.056325+00:00,2026-09-19T11:03:56.866647+00:00,True
2026_NFL_W02_SEA_ARI,2026-09-20T20:41:24.558591+00:00,2026_NFL_W02_SEA_ARI_NFL_v1.0_2026-09-20T12:27:22.311597+00:00,NFL_v1.0,data/snapshots/pregame_2026_NFL_W02_SEA_ARI.json,c40f86dbe128eca122da3a69d08c8718a8b750e32ff01ebc4b1adc29c56b3e1f,3.5,40.5,170.0,-205.0,draftkings,2026-09-20T20:02:03.382078+00:00,2026-09-20T11:03:57.038362+00:00,True
2026_NFL_W02_WAS_DAL,2026-09-20T20:41:24.558591+00:00,2026_NFL_W02_WAS_DAL_NFL_v1.0_2026-09-20T12:27:22.311597+00:00,NFL_v1.0,data/snapshots/pregame_2026_NFL_W02_WAS_DAL.json,e8d21551bcb6df17ec1e3d32d19d0b6cfc7c2c30d1358d2f2feb450675167e1a,-4.5,50.5,-218.0,180.0,draftkings,2026-09-20T20:02:04.725814+00:00,2026-09-19T11:03:56.866647+00:00,True
2026_NFL_W02_MIA_SF,2026-09-20T20:41:24.558591+00:00,2026_NFL_W02_MIA_SF_NFL_v1.0_2026-09-20T12:27:22.311597+00:00,NFL_v1.0,data/snapshots/pregame_2026_NFL_W02_MIA_SF.json,5295c466052c088b4a4659c543c01d4308638985b183457ad7bcc5c98855f6ee,-13.5,45.5,-950.0,625.0,draftkings,2026-09-20T20:02:06.055184+00:00,2026-09-19T11:03:56.866647+00:00,True
2026_NFL_W02_IND_KC,2026-09-21T00:47:41.300981+00:00,2026_NFL_W02_IND_KC_NFL_v1.0_2026-09-20T12:27:22.311597+00:00,NFL_v1.0,data/snapshots/pregame_2026_NFL_W02_IND_KC.json,57ce62b9893e64756da322214990a4eb919e18c5fbf0630cae1126f24f802b9b,-6.5,46.5,-285.0,230.0,draftkings,2026-09-20T23:02:31.281427+00:00,2026-09-19T11:03:56.866647+00:00,True
2026_NFL_W02_NYG_LAR,2026-09-22T00:47:21.138009+00:00,2026_NFL_W02_NYG_LAR_NFL_v1.0_2026-09-20T12:27:22.311597+00:00,NFL_v1.0,data/snapshots/pregame_2026_NFL_W02_NYG_LAR.json,7d4a5bcf33b75507a702877b560695d141c2abe5df15c0553edb480755092fa7,-6.5,47.5,-298.0,240.0,draftkings,2026-09-21T23:03:05.856176+00:00,2026-09-20T11:03:57.038362+00:00,True
2026_CFB_W04_LIB_CCU,2026-09-24T23:41:44.922154+00:00,2026_CFB_W04_LIB_CCU_CFB_v1.0_2026-09-24T12:30:09.326192+00:00,CFB_v1.0,data/snapshots/pregame_2026_CFB_W04_LIB_CCU.json,8c55d91918418b3ffb8e167cba1735dab4a49e73207e8b5799947a1cd5a11c16,2.5,50.5,120.0,-142.0,draftkings,2026-09-24T23:02:51.885613+00:00,,True
2026_NFL_W03_ATL_GB,2026-09-25T00:46:53.691602+00:00,2026_NFL_W03_ATL_GB_NFL_v1.0_2026-09-24T12:30:08.195622+00:00,NFL_v1.0,data/snapshots/pregame_2026_NFL_W03_ATL_GB.json,2e4a0da446f4d55a4f4080dabd304c7377b440b9111e4ecd1e0d211775ea0f45,-4.5,43.5,-238.0,195.0,draftkings,2026-09-24T23:02:22.872170+00:00,2026-09-24T11:04:27.357719+00:00,True
2026_CFB_W04_ARMY_TEM,2026-09-25T20:43:56.012803+00:00,2026_CFB_W04_ARMY_TEM_CFB_v1.0_2026-09-25T12:30:16.148100+00:00,CFB_v1.0,data/snapshots/pregame_2026_CFB_W04_ARMY_TEM.json,3ea4bb58dfd1b8d0f1c6e8d95b92a8f433c4aaa849a78a180617d405bf073778,3.5,48.5,160.0,-192.0,draftkings,2026-09-25T17:03:40.889044+00:00,,True
2026_CFB_W04_NAVY_UAB,2026-09-25T23:41:47.405527+00:00,2026_CFB_W04_NAVY_UAB_CFB_v1.0_2026-09-25T12:30:16.148100+00:00,CFB_v1.0,data/snapshots/pregame_2026_CFB_W04_NAVY_UAB.json,b215e6a0794bf70001bf1c031ba21760dfecbd835abffb9e75b435dcbc016379,6.5,51.5,215.0,-265.0,draftkings,2026-09-25T20:03:11.916017+00:00,,True
2026_CFB_W04_FCS47_RUTG,2026-09-25T23:41:47.405527+00:00,,,data/snapshots/pregame_2026_CFB_W04_FCS47_RUTG.json,8e60cef36d681a6727358898f646359d5abe14cb503f69f52a8611dddaf61d66,-42.5,55.5,,,draftkings,2026-09-25T20:03:13.539796+00:00,,False
2026_CFB_W04_NU_IU,2026-09-26T00:48:01.951501+00:00,2026_CFB_W04_NU_IU_CFB_v1.0_2026-09-25T12:30:16.148100+00:00,CFB_v1.0,data/snapshots/pregame_2026_CFB_W04_NU_IU.json,f28bfe5fc391c89acff78998c9ee07f7ee357d27e8856ef807b0a53e7d19bf1b,-20.5,49.5,-1650.0,950.0,draftkings,2026-09-25T23:02:20.895198+00:00,,True
2026_CFB_W04_CLEM_CAL,2026-09-26T02:42:46.834949+00:00,2026_CFB_W04_CLEM_CAL_CFB_v1.0_2026-09-25T12:30:16.148100+00:00,CFB_v1.0,data/snapshots/pregame_2026_CFB_W04_CLEM_CAL.json,2b98d4e10fc4355de1e224c00d975f79d9df8979fb5a745a1743bff74300851e,2.5,51.5,110.0,-130.0,draftkings,2026-09-25T23:02:21.844156+00:00,,True
2026_CFB_W04_SHSU_TTU,2026-09-26T16:43:02.962272+00:00,2026_CFB_W04_SHSU_TTU_CFB_v1.0_2026-09-26T12:27:37.657334+00:00,CFB_v1.0,data/snapshots/pregame_2026_CFB_W04_SHSU_TTU.json,7ca8101b672149779129a625f0184946338861f02a885eccafafad6fee6892e1,-34.5,55.5,,,draftkings,2026-09-25T23:02:28.493999+00:00,,True
2026_CFB_W04_VT_BC,2026-09-26T16:43:02.962272+00:00,2026_CFB_W04_VT_BC_CFB_v1.0_2026-09-26T12:27:37.657334+00:00,CFB_v1.0,data/snapshots/pregame_2026_CFB_W04_VT_BC.json,f88a3fab67b07320c5395190ac15ac26b45051cf4a2b38a0b252ecb341976f74,14.0,47.5,440.0,-600.0,draftkings,2026-09-25T23:02:36.968872+00:00,,True
2026_CFB_W04_COLO_BAY,2026-09-26T16:43:02.962272+00:00,2026_CFB_W04_COLO_BAY_CFB_v1.0_2026-09-26T12:27:37.657334+00:00,CFB_v1.0,data/snapshots/pregame_2026_CFB_W04_COLO_BAY.json,61f64c5dc036c0f38f2f55a6c6162ce5802b596f904bed781f661404d8d64255,-9.5,55.5,-380.0,300.0,draftkings,2026-09-25T23:02:38.850937+00:00,,True
2026_CFB_W04_SDSU_TOL,2026-09-26T16:43:02.962272+00:00,2026_CFB_W04_SDSU_TOL_CFB_v1.0_2026-09-26T12:27:37.657334+00:00,CFB_v1.0,data/snapshots/pregame_2026_CFB_W04_SDSU_TOL.json,a16f3468c718f24b8c1f986bbb2c4dff31f89bab2c4560cfb8ac7bab14f27ec3,-3.0,51.5,-148.0,124.0,draftkings,2026-09-25T23:02:45.460499+00:00,,True
2026_CFB_W04_CSU_UTSA,2026-09-26T16:43:02.962272+00:00,2026_CFB_W04_CSU_UTSA_CFB_v1.0_2026-09-26T12:27:37.657334+00:00,CFB_v1.0,data/snapshots/pregame_2026_CFB_W04_CSU_UTSA.json,8fccdcf66f89d60cb44be1467791f90608bb8ffddd9b441150f4c34568f8eedb,-14.0,56.5,-600.0,440.0,draftkings,2026-09-25T23:02:51.175858+00:00,,True
2026_CFB_W04_WAKE_LOU,2026-09-26T16:43:02.962272+00:00,2026_CFB_W04_WAKE_LOU_CFB_v1.0_2026-09-26T12:27:37.657334+00:00,CFB_v1.0,data/snapshots/pregame_2026_CFB_W04_WAKE_LOU.json,3558c8e7ca2eb55300af1f6ab7953934c18fa269a42902ae38de2888e43b3949,-12.5,57.5,-535.0,400.0,draftkings,2026-09-25T23:02:52.128121+00:00,,True
2026_CFB_W04_ILL_OSU,2026-09-26T16:43:02.962272+00:00,2026_CFB_W04_ILL_OSU_CFB_v1.0_2026-09-26T12:27:37.657334+00:00,CFB_v1.0,data/snapshots/pregame_2026_CFB_W04_ILL_OSU.json,5653aac1aa3cd7440495e14cd5775ad24a0b9dab43dbd4d383342bca725eb4f3,-26.5,53.5,-4000.0,1600.0,draftkings,2026-09-25T23:02:53.079348+00:00,,True
2026_CFB_W04_BALL_KENT,2026-09-26T16:43:02.962272+00:00,2026_CFB_W04_BALL_KENT_CFB_v1.0_2026-09-26T12:27:37.657334+00:00,CFB_v1.0,data/snapshots/pregame_2026_CFB_W04_BALL_KENT.json,bb4b5c28caeea85790390344436ad436f6d4c635c88acc9ec79cc1d58556be5c,-3.0,50.5,-155.0,130.0,draftkings,2026-09-25T23:02:56.858266+00:00,,True
2026_CFB_W04_UNLV_AKR,2026-09-26T16:43:02.962272+00:00,2026_CFB_W04_UNLV_AKR_CFB_v1.0_2026-09-26T12:27:37.657334+00:00,CFB_v1.0,data/snapshots/pregame_2026_CFB_W04_UNLV_AKR.json,ee037b992f051d876359d9a1a7dd0fbac720f1d4b630c35ee0bdc71105b27990,13.5,52.5,410.0,-550.0,draftkings,2026-09-25T23:02:57.808032+00:00,,True
2026_CFB_W04_FCS2083_PITT,2026-09-26T16:43:02.962272+00:00,,,data/snapshots/pregame_2026_CFB_W04_FCS2083_PITT.json,d58fb865d4ce610d9623ed76bedb478abaa5c70e80ff316631e1e8b66256da9f,-53.5,63.5,,,draftkings,2026-09-25T23:02:59.695364+00:00,,False
2026_CFB_W04_TEX_TENN,2026-09-26T16:43:02.962272+00:00,2026_CFB_W04_TEX_TENN_CFB_v1.0_2026-09-26T12:27:37.657334+00:00,CFB_v1.0,data/snapshots/pregame_2026_CFB_W04_TEX_TENN.json,fb0ff849aa02a58a15f621324ac8a098207fcddb50877e8e49eb1f6ac149420f,4.5,54.5,164.0,-198.0,draftkings,2026-09-25T23:03:00.649425+00:00,,True
2026_CFB_W04_UCLA_MD,2026-09-26T17:42:25.740892+00:00,2026_CFB_W04_UCLA_MD_CFB_v1.0_2026-09-26T12:27:37.657334+00:00,CFB_v1.0,data/snapshots/pregame_2026_CFB_W04_UCLA_MD.json,d710846144abf776f1090f806eceddb64dc8c0f16a829651a79dd52ab16a20b3,1.5,56.5,100.0,-120.0,draftkings,2026-09-26T17:03:26.655016+00:00,,True
2026_CFB_W04_USA_UK,2026-09-26T17:42:25.740892+00:00,2026_CFB_W04_USA_UK_CFB_v1.0_2026-09-26T12:27:37.657334+00:00,CFB_v1.0,data/snapshots/pregame_2026_CFB_W04_USA_UK.json,7c6ac9d472ca8fa22daf2a623aeaa9505d01b349bccacd07a5cf61560918227c,-20.5,53.5,-1600.0,900.0,draftkings,2026-09-25T23:03:01.601696+00:00,,True
2026_CFB_W04_FCS2815_EMU,2026-09-26T17:42:25.740892+00:00,,,data/snapshots/pregame_2026_CFB_W04_FCS2815_EMU.json,39dee613c7be75efcb62502545135c198cb8b40c8c61b2417679ae2f41388036,-25.5,51.5,-2400.0,1200.0,draftkings,2026-09-25T23:03:02.535277+00:00,,False
2026_CFB_W04_ND_PUR,2026-09-26T18:45:08.408657+00:00,2026_CFB_W04_ND_PUR_CFB_v1.0_2026-09-26T12:27:37.657334+00:00,CFB_v1.0,data/snapshots/pregame_2026_CFB_W04_ND_PUR.json,cab671b8557982f45a30442d9169ab9bee52eb0ac50c3c99ee7e564e962a0535,27.5,57.5,1700.0,-4500.0,draftkings,2026-09-26T17:03:31.358890+00:00,,True
2026_CFB_W04_NIU_GAST,2026-09-26T18:45:08.408657+00:00,2026_CFB_W04_NIU_GAST_CFB_v1.0_2026-09-26T12:27:37.657334+00:00,CFB_v1.0,data/snapshots/pregame_2026_CFB_W04_NIU_GAST.json,aaf7ade00e57f31a704ceaf308f30efa08cabae4f7a5892ff90d6209a6a36654,-10.5,56.5,-395.0,310.0,draftkings,2026-09-26T17:03:46.947641+00:00,,True
2026_CFB_W04_MISS_FLA,2026-09-26T19:41:08.462802+00:00,2026_CFB_W04_MISS_FLA_CFB_v1.0_2026-09-26T12:27:37.657334+00:00,CFB_v1.0,data/snapshots/pregame_2026_CFB_W04_MISS_FLA.json,9d181db3587483eded0d49b700d2646ae23ecf179bd867cce1491ed5ef958d55,-3.5,59.5,-162.0,136.0,draftkings,2026-09-26T17:03:07.979593+00:00,,True
2026_CFB_W04_OU_UGA,2026-09-26T19:41:08.462802+00:00,2026_CFB_W04_OU_UGA_CFB_v1.0_2026-09-26T12:27:37.657334+00:00,CFB_v1.0,data/snapshots/pregame_2026_CFB_W04_OU_UGA.json,f336a0a5de367a0bdd7619b6281dcdc9a3ad9c6cf2b077339154937d919d9ce9,-13.5,43.5,-575.0,425.0,draftkings,2026-09-26T17:03:12.665229+00:00,,True
2026_CFB_W04_UTAH_ISU,2026-09-26T19:41:08.462802+00:00,2026_CFB_W04_UTAH_ISU_CFB_v1.0_2026-09-26T12:27:37.657334+00:00,CFB_v1.0,data/snapshots/pregame_2026_CFB_W04_UTAH_ISU.json,d9cc67e20a87de827d9b55217205a94208be9e6e68c0e5d62e8cd54eb3e7b487,7.5,47.5,260.0,-325.0,draftkings,2026-09-26T17:03:17.350585+00:00,,True
2026_CFB_W04_FCS2110_FSU,2026-09-26T19:41:08.462802+00:00,,,data/snapshots/pregame_2026_CFB_W04_FCS2110_FSU.json,f19f082fd7f2e64d5feba7262b05cbee4cb9b808f4cb2bc7a87b00013810d4a5,-45.5,63.5,,,draftkings,2026-09-26T17:03:20.476785+00:00,,False
2026_CFB_W04_TCU_UCF,2026-09-26T19:41:08.462802+00:00,2026_CFB_W04_TCU_UCF_CFB_v1.0_2026-09-26T12:27:37.657334+00:00,CFB_v1.0,data/snapshots/pregame_2026_CFB_W04_TCU_UCF.json,e6b10f7797f36a548861892f10188b360ef13ef356fbfb48b300620c1fab85a4,3.0,48.5,130.0,-155.0,draftkings,2026-09-26T17:03:25.123611+00:00,,True
2026_CFB_W04_IOWA_MICH,2026-09-26T19:41:08.462802+00:00,2026_CFB_W04_IOWA_MICH_CFB_v1.0_2026-09-26T12:27:37.657334+00:00,CFB_v1.0,data/snapshots/pregame_2026_CFB_W04_IOWA_MICH.json,21c93e94bdf5a6338d11677def1298aedbadbccc5edb0d8f51b5c44a68365040,-5.5,38.5,-218.0,180.0,draftkings,2026-09-26T17:03:28.212731+00:00,,True
2026_CFB_W04_BOIS_WMU,2026-09-26T19:41:08.462802+00:00,2026_CFB_W04_BOIS_WMU_CFB_v1.0_2026-09-26T12:27:37.657334+00:00,CFB_v1.0,data/snapshots/pregame_2026_CFB_W04_BOIS_WMU.json,2e5ba72270530f25602ca4d39ef572289202fa8d180246106838aaebad467953,7.5,49.5,230.0,-285.0,draftkings,2026-09-26T17:03:36.030342+00:00,,True
2026_CFB_W04_CONN_MOH,2026-09-26T19:41:08.462802+00:00,2026_CFB_W04_CONN_MOH_CFB_v1.0_2026-09-26T12:27:37.657334+00:00,CFB_v1.0,data/snapshots/pregame_2026_CFB_W04_CONN_MOH.json,270a9793dfa0d5ca930c5a24bf3dbaff7ce9618f297777af2690a4f1061b48d2,-3.5,51.5,-175.0,145.0,draftkings,2026-09-26T17:03:37.574751+00:00,,True
2026_CFB_W04_HAW_WYO,2026-09-26T19:41:08.462802+00:00,2026_CFB_W04_HAW_WYO_CFB_v1.0_2026-09-26T12:27:37.657334+00:00,CFB_v1.0,data/snapshots/pregame_2026_CFB_W04_HAW_WYO.json,70ee7e7c0ca5746c930482be0bf28a62fe9cdecd3dcb22916571937d4d36f851,2.5,43.5,114.0,-135.0,draftkings,2026-09-26T17:03:56.278963+00:00,,True
2026_CFB_W04_UNM_NMSU,2026-09-26T19:41:08.462802+00:00,2026_CFB_W04_UNM_NMSU_CFB_v1.0_2026-09-26T12:27:37.657334+00:00,CFB_v1.0,data/snapshots/pregame_2026_CFB_W04_UNM_NMSU.json,ca4184d381679a3994b50f2fb7e06448e9534814090c142f18c2123c8b7ee525,11.5,48.5,350.0,-455.0,draftkings,2026-09-26T17:03:57.843514+00:00,,True
2026_CFB_W04_FCS2523_BUF,2026-09-26T19:41:08.462802+00:00,,,data/snapshots/pregame_2026_CFB_W04_FCS2523_BUF.json,d6a4857ca77569750bcc6135778a40ab20a410421addaaef328d704216b29166,-28.5,46.5,-5000.0,1800.0,draftkings,2026-09-26T17:03:59.399810+00:00,,False
2026_CFB_W04_FCS284_OHIO,2026-09-26T19:41:08.462802+00:00,,,data/snapshots/pregame_2026_CFB_W04_FCS284_OHIO.json,b4723511f9b7fe808a0d75d6e3edbd2a82dc5824023697e50bfd8184f2cf744f,-33.5,53.5,,3500.0,draftkings,2026-09-26T17:04:00.985474+00:00,,False
2026_CFB_W04_FCS2729_DUKE,2026-09-26T19:41:08.462802+00:00,,,data/snapshots/pregame_2026_CFB_W04_FCS2729_DUKE.json,b267a4aeb3c35370007ba0bbb6d0b096aa71d55c680ed1eb9c104866e6687eed,-43.5,62.5,,,draftkings,2026-09-26T17:04:02.583860+00:00,,False
2026_CFB_W04_FCS2241_MRSH,2026-09-26T19:41:08.462802+00:00,,,data/snapshots/pregame_2026_CFB_W04_FCS2241_MRSH.json,3810590e68fedfe587bd6063676245df416d57495ba4c2e5a8099ec7a9dbfe7c,-23.5,52.5,-1650.0,950.0,draftkings,2026-09-26T17:04:04.167529+00:00,,False
2026_CFB_W04_VAN_AUB,2026-09-26T20:42:16.027097+00:00,2026_CFB_W04_VAN_AUB_CFB_v1.0_2026-09-26T12:27:37.657334+00:00,CFB_v1.0,data/snapshots/pregame_2026_CFB_W04_VAN_AUB.json,ef70b39658eda7958d4badde0f92a075e6d48ef770613dca4e54b18657bba81e,-9.5,55.5,-375.0,295.0,draftkings,2026-09-26T20:02:36.522560+00:00,,True
2026_CFB_W04_HOU_GASO,2026-09-26T20:42:16.027097+00:00,2026_CFB_W04_HOU_GASO_CFB_v1.0_2026-09-26T12:27:37.657334+00:00,CFB_v1.0,data/snapshots/pregame_2026_CFB_W04_HOU_GASO.json,9e4d3a495d6586b1b501b578505fb2498ce85e7065c47e6a55cb786c62f46bb4,17.5,56.5,625.0,-950.0,draftkings,2026-09-26T17:03:14.230072+00:00,,True
2026_CFB_W04_FCS2428_ECU,2026-09-26T20:42:16.027097+00:00,,,data/snapshots/pregame_2026_CFB_W04_FCS2428_ECU.json,212caaabfe8f0c000276fdb3fe95ca8814ae1d0e5fe246392a8e6ebc2dad4d2e,-36.5,56.5,,3500.0,draftkings,2026-09-26T17:04:05.723404+00:00,,False
2026_CFB_W04_WIS_PSU,2026-09-26T21:41:52.629991+00:00,2026_CFB_W04_WIS_PSU_CFB_v1.0_2026-09-26T12:27:37.657334+00:00,CFB_v1.0,data/snapshots/pregame_2026_CFB_W04_WIS_PSU.json,b4e78fae904c581abc726dcda4c8a3e3cec898410572ce2bea2b0ce4c48b3e12,-10.0,44.5,-380.0,300.0,draftkings,2026-09-26T20:02:34.696796+00:00,,True
2026_CFB_W04_NEB_MSU,2026-09-26T21:41:52.629991+00:00,2026_CFB_W04_NEB_MSU_CFB_v1.0_2026-09-26T12:27:37.657334+00:00,CFB_v1.0,data/snapshots/pregame_2026_CFB_W04_NEB_MSU.json,da93567ee5de932e0ef81ce1793e08879057b8633ff612ea230c58bb021f4576,5.5,48.5,185.0,-225.0,draftkings,2026-09-26T20:02:44.830889+00:00,,True
2026_CFB_W04_USF_BGSU,2026-09-26T21:41:52.629991+00:00,2026_CFB_W04_USF_BGSU_CFB_v1.0_2026-09-26T12:27:37.657334+00:00,CFB_v1.0,data/snapshots/pregame_2026_CFB_W04_USF_BGSU.json,530e6ff0fd3507dbe106191129b630d7ebd831f19a0d1a78bec5c45dbd928d8f,17.5,48.5,650.0,-1000.0,draftkings,2026-09-26T20:02:50.334921+00:00,,True
2026_CFB_W04_DEL_UVA,2026-09-26T22:42:48.334628+00:00,2026_CFB_W04_DEL_UVA_CFB_v1.0_2026-09-26T12:27:37.657334+00:00,CFB_v1.0,data/snapshots/pregame_2026_CFB_W04_DEL_UVA.json,f7396995b25dcccd9877a2fe76996f0eb313b7615add3cec0d5351875a0cc7a6,-19.5,52.5,-1450.0,850.0,draftkings,2026-09-26T20:02:42.819205+00:00,,True
2026_CFB_W04_UL_CLT,2026-09-26T22:42:48.334628+00:00,2026_CFB_W04_UL_CLT_CFB_v1.0_2026-09-26T12:27:37.657334+00:00,CFB_v1.0,data/snapshots/pregame_2026_CFB_W04_UL_CLT.json,51d19276e2c82695f0856acc05fed145c8d5d7cefd1c9353936fe5672cb946c6,10.0,49.5,320.0,-410.0,draftkings,2026-09-26T20:02:47.596014+00:00,,True
2026_CFB_W04_JMU_ODU,2026-09-26T22:42:48.334628+00:00,2026_CFB_W04_JMU_ODU_CFB_v1.0_2026-09-26T12:27:37.657334+00:00,CFB_v1.0,data/snapshots/pregame_2026_CFB_W04_JMU_ODU.json,bd6f6006103997212cc3f03d8f178d81deb5c99f89e17ad01c3fe74919d3a952,6.0,44.5,185.0,-225.0,draftkings,2026-09-26T20:02:54.002248+00:00,,True
2026_CFB_W04_FCS2916_TXST,2026-09-26T22:42:48.334628+00:00,,,data/snapshots/pregame_2026_CFB_W04_FCS2916_TXST.json,a91a657c9f9a0b76ffcce231d57aeca8fde8fc917d30c40e9a3b2cba9caf8f7b,-30.5,64.5,-5000.0,1800.0,draftkings,2026-09-26T20:02:56.264593+00:00,,False
2026_CFB_W04_FCS2341_FIU,2026-09-26T22:42:48.334628+00:00,,,data/snapshots/pregame_2026_CFB_W04_FCS2341_FIU.json,95dc4bc424d541f89546585cc66186a21e4c290cc6290d3d79999ffe3e77025f,-36.5,53.5,,3500.0,draftkings,2026-09-26T20:02:57.297196+00:00,,False
2026_CFB_W04_CMU_MIA,2026-09-26T22:42:48.334628+00:00,2026_CFB_W04_CMU_MIA_CFB_v1.0_2026-09-26T12:27:37.657334+00:00,CFB_v1.0,data/snapshots/pregame_2026_CFB_W04_CMU_MIA.json,e4809e5ace30a1b318ca9833d09d3b0e76b683fdd536bbb3386bc0ff26a5c06e,-41.5,54.5,,,draftkings,2026-09-26T20:02:57.297686+00:00,,True
