beat_id,source,league,season,ran_at,rows,games,ok,note
splits_NFL_20260928T170606735114,splits,NFL,2026,2026-09-28T17:06:06.735149+00:00,1,1,True,
splits_CFB_20260928T170609502908,splits,CFB,2026,2026-09-28T17:06:09.502958+00:00,1,1,True,
splits_NFL_20260928T172153210100,splits,NFL,2026,2026-09-28T17:21:53.210131+00:00,1,1,True,
splits_CFB_20260928T172155856304,splits,CFB,2026,2026-09-28T17:21:55.856329+00:00,1,1,True,
splits_NFL_20260928T182440596196,splits,NFL,2026,2026-09-28T18:24:40.596224+00:00,1,1,True,
splits_CFB_20260928T182442223339,splits,CFB,2026,2026-09-28T18:24:42.223367+00:00,1,1,True,
splits_NFL_20260928T192045231338,splits,NFL,2026,2026-09-28T19:20:45.231382+00:00,1,1,True,
splits_CFB_20260928T192047063327,splits,CFB,2026,2026-09-28T19:20:47.063365+00:00,1,1,True,
splits_NFL_20260928T202034185312,splits,NFL,2026,2026-09-28T20:20:34.185345+00:00,1,1,True,
splits_CFB_20260928T202036421662,splits,CFB,2026,2026-09-28T20:20:36.421694+00:00,1,1,True,
