game_id,away_score,home_score,margin_home,total,went_overtime,q_scores,attendance,source,retrieved_at,effective_at
2022_CFB_W01_FCS2046_WKU,27,38,11,65,,,13688.0,cfbd,2026-09-06T17:05:44.127466+00:00,2022-08-27T16:00:00.000Z
2022_CFB_W01_NEB_NU,28,31,3,59,,,,cfbd,2026-09-06T17:05:44.127466+00:00,2022-08-27T16:30:00.000Z
2022_CFB_W01_FCS304_UNLV,21,52,31,73,,,19579.0,cfbd,2026-09-06T17:05:44.127466+00:00,2022-08-27T19:30:00.000Z
2022_CFB_W01_WYO_ILL,6,38,32,44,,,37832.0,cfbd,2026-09-06T17:05:44.127466+00:00,2022-08-27T20:00:00.000Z
2022_CFB_W01_CONN_USU,20,31,11,51,,,19553.0,cfbd,2026-09-06T17:05:44.127466+00:00,2022-08-27T20:00:00.000Z
2022_CFB_W01_FCS2184_FSU,7,47,40,54,,,51207.0,cfbd,2026-09-06T17:05:44.127466+00:00,2022-08-27T21:00:00.000Z
2022_CFB_W01_CLT_FAU,13,43,30,56,,,19571.0,cfbd,2026-09-06T17:05:44.127466+00:00,2022-08-27T23:00:00.000Z
2022_CFB_W01_FCS50_UNC,24,56,32,80,,,46130.0,cfbd,2026-09-06T17:05:44.127466+00:00,2022-08-28T00:15:00.000Z
2022_CFB_W01_UNT_UTEP,31,13,-18,44,,,45971.0,cfbd,2026-09-06T17:05:44.127466+00:00,2022-08-28T01:00:00.000Z
2022_CFB_W01_NEV_NMSU,23,12,-11,35,,,,cfbd,2026-09-06T17:05:44.127466+00:00,2022-08-28T02:00:00.000Z
2022_CFB_W01_VAN_HAW,63,10,-53,73,,,9346.0,cfbd,2026-09-06T17:05:44.127466+00:00,2022-08-28T02:30:00.000Z
2022_CFB_W01_FCS2598_AKR,23,30,7,53,,,8752.0,cfbd,2026-09-06T17:05:44.127466+00:00,2022-09-01T22:00:00.000Z
2022_CFB_W01_FCS2803_FIU,37,38,1,75,,,,cfbd,2026-09-06T17:05:44.127466+00:00,2022-09-01T23:00:00.000Z
2022_CFB_W01_FCS2341_TOL,0,37,37,37,,,21291.0,cfbd,2026-09-06T17:05:44.127466+00:00,2022-09-01T23:00:00.000Z
2022_CFB_W01_BALL_TENN,10,59,49,69,,,92236.0,cfbd,2026-09-06T17:05:44.127466+00:00,2022-09-01T23:00:00.000Z
2022_CFB_W01_WVU_PITT,31,38,7,69,,,70622.0,cfbd,2026-09-06T17:05:44.127466+00:00,2022-09-01T23:00:00.000Z
2022_CFB_W01_FCS2569_UCF,10,56,46,66,,,43810.0,cfbd,2026-09-06T17:05:44.127466+00:00,2022-09-01T23:00:00.000Z
2022_CFB_W01_CMU_OKST,44,58,14,102,,,53808.0,cfbd,2026-09-06T17:05:44.127466+00:00,2022-09-01T23:00:00.000Z
2022_CFB_W01_FCS2678_WAKE,10,44,34,54,,,26013.0,cfbd,2026-09-06T17:05:44.127466+00:00,2022-09-01T23:30:00.000Z
2022_CFB_W01_PSU_PUR,35,31,-4,66,,,,cfbd,2026-09-06T17:05:44.127466+00:00,2022-09-02T00:00:00.000Z
2022_CFB_W01_LT_MIZ,24,52,28,76,,,47653.0,cfbd,2026-09-06T17:05:44.127466+00:00,2022-09-02T00:00:00.000Z
2022_CFB_W01_FCS2197_NIU,27,34,7,61,,,10864.0,cfbd,2026-09-06T17:05:44.127466+00:00,2022-09-02T00:00:00.000Z
2022_CFB_W01_FCS2010_UAB,0,59,59,59,,,32542.0,cfbd,2026-09-06T17:05:44.127466+00:00,2022-09-02T00:00:00.000Z
2022_CFB_W01_NMSU_MINN,0,38,38,38,,,44012.0,cfbd,2026-09-06T17:05:44.127466+00:00,2022-09-02T01:00:00.000Z
2022_CFB_W01_FCS2464_ASU,3,40,37,43,,,44764.0,cfbd,2026-09-06T17:05:44.127466+00:00,2022-09-02T02:00:00.000Z
2022_CFB_W01_FCS13_FRES,7,35,28,42,,,36011.0,cfbd,2026-09-06T17:05:44.127466+00:00,2022-09-02T02:30:00.000Z
2022_CFB_W01_FCS2502_SJSU,17,21,4,38,,,16291.0,cfbd,2026-09-06T17:05:44.127466+00:00,2022-09-02T02:30:00.000Z
2022_CFB_W01_FCS2729_CLT,41,24,-17,65,,,13940.0,cfbd,2026-09-06T17:05:44.127466+00:00,2022-09-02T23:00:00.000Z
2022_CFB_W01_VT_ODU,17,20,3,37,,,21944.0,cfbd,2026-09-06T17:05:44.127466+00:00,2022-09-02T23:00:00.000Z
2022_CFB_W01_FCS2198_EMU,34,42,8,76,,,16531.0,cfbd,2026-09-06T17:05:44.127466+00:00,2022-09-02T23:00:00.000Z
2022_CFB_W01_WMU_MSU,13,35,22,48,,,73928.0,cfbd,2026-09-06T17:05:44.127466+00:00,2022-09-02T23:00:00.000Z
2022_CFB_W01_TEM_DUKE,0,30,30,30,,,,cfbd,2026-09-06T17:05:44.127466+00:00,2022-09-02T23:30:00.000Z
2022_CFB_W01_FCS2635_KU,10,56,46,66,,,34902.0,cfbd,2026-09-06T17:05:44.127466+00:00,2022-09-03T00:00:00.000Z
2022_CFB_W01_ILL_IU,20,23,3,43,,,44357.0,cfbd,2026-09-06T17:05:44.127466+00:00,2022-09-03T00:00:00.000Z
2022_CFB_W01_TCU_COLO,38,13,-25,51,,,47868.0,cfbd,2026-09-06T17:05:44.127466+00:00,2022-09-03T02:00:00.000Z
2022_CFB_W01_FCS2115_CONN,3,28,25,31,,,22442.0,cfbd,2026-09-06T17:05:44.127466+00:00,2022-09-03T16:00:00.000Z
2022_CFB_W01_NCSU_ECU,21,20,-1,41,,,51711.0,cfbd,2026-09-06T17:05:44.127466+00:00,2022-09-03T16:00:00.000Z
2022_CFB_W01_DEL_NAVY,14,7,-7,21,,,30542.0,cfbd,2026-09-06T17:05:44.127466+00:00,2022-09-03T16:00:00.000Z
2022_CFB_W01_FCS2571_IOWA,3,7,4,10,,,69250.0,cfbd,2026-09-06T17:05:44.127466+00:00,2022-09-03T16:00:00.000Z
2022_CFB_W01_SHSU_TAM,0,31,31,31,,,97946.0,cfbd,2026-09-06T17:05:44.127466+00:00,2022-09-03T16:00:00.000Z
2022_CFB_W01_UNC_APP,63,61,-2,124,,,40168.0,cfbd,2026-09-06T17:05:44.127466+00:00,2022-09-03T16:00:00.000Z
2022_CFB_W01_CSU_MICH,7,51,44,58,,,109575.0,cfbd,2026-09-06T17:05:44.127466+00:00,2022-09-03T16:00:00.000Z
2022_CFB_W01_RUTG_BC,22,21,-1,43,,,35048.0,cfbd,2026-09-06T17:05:44.127466+00:00,2022-09-03T16:00:00.000Z
2022_CFB_W01_BUF_MD,10,31,21,41,,,30223.0,cfbd,2026-09-06T17:05:44.127466+00:00,2022-09-03T16:00:00.000Z
2022_CFB_W01_FCS257_UVA,17,34,17,51,,,41122.0,cfbd,2026-09-06T17:05:44.127466+00:00,2022-09-03T16:30:00.000Z
2022_CFB_W01_FCS2460_AF,17,48,31,65,,,31180.0,cfbd,2026-09-06T17:05:44.127466+00:00,2022-09-03T17:00:00.000Z
2022_CFB_W01_FCS2546_ISU,10,42,32,52,,,57142.0,cfbd,2026-09-06T17:05:44.127466+00:00,2022-09-03T18:00:00.000Z
2022_CFB_W01_BGSU_UCLA,17,45,28,62,,,27143.0,cfbd,2026-09-06T17:05:44.127466+00:00,2022-09-03T18:30:00.000Z
2022_CFB_W01_FCS2450_MRSH,3,55,52,58,,,24607.0,cfbd,2026-09-06T17:05:44.127466+00:00,2022-09-03T19:30:00.000Z
2022_CFB_W01_FCS2065_MIA,13,70,57,83,,,56795.0,cfbd,2026-09-06T17:05:44.127466+00:00,2022-09-03T19:30:00.000Z
2022_CFB_W01_CIN_ARK,24,31,7,55,,,74751.0,cfbd,2026-09-06T17:05:44.127466+00:00,2022-09-03T19:30:00.000Z
2022_CFB_W01_UTEP_OU,13,45,32,58,,,83173.0,cfbd,2026-09-06T17:05:44.127466+00:00,2022-09-03T19:30:00.000Z
2022_CFB_W01_HOU_UTSA,37,35,-2,72,,,37526.0,cfbd,2026-09-06T17:05:44.127466+00:00,2022-09-03T19:30:00.000Z
2022_CFB_W01_FCS155_NEB,17,38,21,55,,,86590.0,cfbd,2026-09-06T17:05:44.127466+00:00,2022-09-03T19:30:00.000Z
2022_CFB_W01_TLSA_WYO,37,40,3,77,,,20574.0,cfbd,2026-09-06T17:05:44.127466+00:00,2022-09-03T19:30:00.000Z
2022_CFB_W01_ARIZ_SDSU,38,20,-18,58,,,34046.0,cfbd,2026-09-06T17:05:44.127466+00:00,2022-09-03T19:30:00.000Z
2022_CFB_W01_ORE_UGA,3,49,46,52,,,76490.0,cfbd,2026-09-06T17:05:44.127466+00:00,2022-09-03T19:30:00.000Z
2022_CFB_W01_FCS302_CAL,13,34,21,47,,,34984.0,cfbd,2026-09-06T17:05:44.127466+00:00,2022-09-03T20:00:00.000Z
2022_CFB_W01_BYU_USF,50,21,-29,71,,,31521.0,cfbd,2026-09-06T17:05:44.127466+00:00,2022-09-03T20:00:00.000Z
2022_CFB_W01_TROY_MISS,10,28,18,38,,,60533.0,cfbd,2026-09-06T17:05:44.127466+00:00,2022-09-03T20:00:00.000Z
2022_CFB_W01_FCS2447_USA,7,48,41,55,,,15101.0,cfbd,2026-09-06T17:05:44.127466+00:00,2022-09-03T21:00:00.000Z
2022_CFB_W01_TXST_NEV,14,38,24,52,,,13260.0,cfbd,2026-09-06T17:05:44.127466+00:00,2022-09-03T21:30:00.000Z
2022_CFB_W01_FAU_OHIO,38,41,3,79,,,20003.0,cfbd,2026-09-06T17:05:44.127466+00:00,2022-09-03T22:00:00.000Z
2022_CFB_W01_FCS2415_GASO,7,59,52,66,,,,cfbd,2026-09-06T17:05:44.127466+00:00,2022-09-03T22:00:00.000Z
2022_CFB_W01_RICE_USC,14,66,52,80,,,60113.0,cfbd,2026-09-06T17:05:44.127466+00:00,2022-09-03T22:00:00.000Z
2022_CFB_W01_MTSU_JMU,7,44,37,51,,,23074.0,cfbd,2026-09-06T17:05:44.127466+00:00,2022-09-03T22:00:00.000Z
2022_CFB_W01_MASS_TULN,10,42,32,52,,,,cfbd,2026-09-06T17:05:44.127466+00:00,2022-09-03T23:00:00.000Z
2022_CFB_W01_MOH_UK,13,37,24,50,,,61139.0,cfbd,2026-09-06T17:05:44.127466+00:00,2022-09-03T23:00:00.000Z
2022_CFB_W01_FCS233_KSU,0,34,34,34,,,50469.0,cfbd,2026-09-06T17:05:44.127466+00:00,2022-09-03T23:00:00.000Z
2022_CFB_W01_FCS2382_AUB,16,42,26,58,,,84562.0,cfbd,2026-09-06T17:05:44.127466+00:00,2022-09-03T23:00:00.000Z
2022_CFB_W01_FCS2210_VAN,31,42,11,73,,,20120.0,cfbd,2026-09-06T17:05:44.127466+00:00,2022-09-03T23:00:00.000Z
2022_CFB_W01_FCS2287_WIS,0,38,38,38,,,73727.0,cfbd,2026-09-06T17:05:44.127466+00:00,2022-09-03T23:00:00.000Z
2022_CFB_W01_LIB_USM,29,27,-2,56,,,24051.0,cfbd,2026-09-06T17:05:44.127466+00:00,2022-09-03T23:00:00.000Z
2022_CFB_W01_FCS2545_UL,7,24,17,31,,,16812.0,cfbd,2026-09-06T17:05:44.127466+00:00,2022-09-03T23:00:00.000Z
2022_CFB_W01_FCS2755_ARST,3,58,55,61,,,17893.0,cfbd,2026-09-06T17:05:44.127466+00:00,2022-09-03T23:00:00.000Z
2022_CFB_W01_FCS399_BAY,10,69,59,79,,,41242.0,cfbd,2026-09-06T17:05:44.127466+00:00,2022-09-03T23:00:00.000Z
2022_CFB_W01_ARMY_CCU,28,38,10,66,,,21165.0,cfbd,2026-09-06T17:05:44.127466+00:00,2022-09-03T23:00:00.000Z
2022_CFB_W01_UTAH_FLA,26,29,3,55,,,90799.0,cfbd,2026-09-06T17:05:44.127466+00:00,2022-09-03T23:00:00.000Z
2022_CFB_W01_MEM_MSST,23,49,26,72,,,54360.0,cfbd,2026-09-06T17:05:44.127466+00:00,2022-09-03T23:30:00.000Z
2022_CFB_W01_USU_ALA,0,55,55,55,,,98321.0,cfbd,2026-09-06T17:05:44.127466+00:00,2022-09-03T23:30:00.000Z
2022_CFB_W01_ND_OSU,10,21,11,31,,,106594.0,cfbd,2026-09-06T17:05:44.127466+00:00,2022-09-03T23:30:00.000Z
2022_CFB_W01_GAST_SC,14,35,21,49,,,78297.0,cfbd,2026-09-06T17:05:44.127466+00:00,2022-09-03T23:30:00.000Z
2022_CFB_W01_SMU_UNT,48,10,-38,58,,,25306.0,cfbd,2026-09-06T17:05:44.127466+00:00,2022-09-03T23:30:00.000Z
2022_CFB_W01_ULM_TEX,10,52,42,62,,,94873.0,cfbd,2026-09-06T17:05:44.127466+00:00,2022-09-04T00:00:00.000Z
2022_CFB_W01_LOU_SYR,7,31,24,38,,,37110.0,cfbd,2026-09-06T17:05:44.127466+00:00,2022-09-04T00:00:00.000Z
2022_CFB_W01_FCS311_UNM,0,41,41,41,,,15166.0,cfbd,2026-09-06T17:05:44.127466+00:00,2022-09-04T00:00:00.000Z
2022_CFB_W01_FCS93_TTU,10,63,53,73,,,,cfbd,2026-09-06T17:05:44.127466+00:00,2022-09-04T00:00:00.000Z
2022_CFB_W01_FCS2142_STAN,10,41,31,51,,,26826.0,cfbd,2026-09-06T17:05:44.127466+00:00,2022-09-04T00:00:00.000Z
2022_CFB_W01_FCS70_WSU,17,24,7,41,,,25233.0,cfbd,2026-09-06T17:05:44.127466+00:00,2022-09-04T01:30:00.000Z
2022_CFB_W01_KENT_WASH,20,45,25,65,,,56112.0,cfbd,2026-09-06T17:05:44.127466+00:00,2022-09-04T02:30:00.000Z
2022_CFB_W01_BOIS_ORST,17,34,17,51,,,27732.0,cfbd,2026-09-06T17:05:44.127466+00:00,2022-09-04T02:30:00.000Z
2022_CFB_W01_WKU_HAW,49,17,-32,66,,,9346.0,cfbd,2026-09-06T17:05:44.127466+00:00,2022-09-04T03:59:00.000Z
2022_CFB_W01_LSU_FSU,23,24,1,47,,,68388.0,cfbd,2026-09-06T17:05:44.127466+00:00,2022-09-04T23:30:00.000Z
2022_CFB_W01_CLEM_GT,41,10,-31,51,,,47712.0,cfbd,2026-09-06T17:05:44.127466+00:00,2022-09-06T00:00:00.000Z
2022_CFB_W02_LOU_UCF,20,14,-6,34,,,44412.0,cfbd,2026-09-06T17:05:44.127466+00:00,2022-09-09T23:30:00.000Z
2022_CFB_W02_BOIS_UNM,31,14,-17,45,,,16157.0,cfbd,2026-09-06T17:05:44.127466+00:00,2022-09-10T01:00:00.000Z
2022_CFB_W02_ARST_OSU,12,45,33,57,,,100067.0,cfbd,2026-09-06T17:05:44.127466+00:00,2022-09-10T16:00:00.000Z
2022_CFB_W02_OHIO_PSU,10,46,36,56,,,107306.0,cfbd,2026-09-06T17:05:44.127466+00:00,2022-09-10T16:00:00.000Z
2022_CFB_W02_ALA_TEX,20,19,-1,39,,,105213.0,cfbd,2026-09-06T17:05:44.127466+00:00,2022-09-10T16:00:00.000Z
2022_CFB_W02_UTSA_ARMY,41,38,-3,79,,,23551.0,cfbd,2026-09-06T17:05:44.127466+00:00,2022-09-10T16:00:00.000Z
2022_CFB_W02_SC_ARK,30,44,14,74,,,72437.0,cfbd,2026-09-06T17:05:44.127466+00:00,2022-09-10T16:00:00.000Z
2022_CFB_W02_MIZ_KSU,12,40,28,52,,,51806.0,cfbd,2026-09-06T17:05:44.127466+00:00,2022-09-10T16:00:00.000Z
2022_CFB_W02_UNC_GAST,35,28,-7,63,,,17687.0,cfbd,2026-09-06T17:05:44.127466+00:00,2022-09-10T16:00:00.000Z
2022_CFB_W02_DUKE_NU,31,23,-8,54,,,24622.0,cfbd,2026-09-06T17:05:44.127466+00:00,2022-09-10T16:00:00.000Z
2022_CFB_W02_FCS2710_MINN,10,62,52,72,,,43859.0,cfbd,2026-09-06T17:05:44.127466+00:00,2022-09-10T16:00:00.000Z
2022_CFB_W02_WAKE_VAN,45,25,-20,70,,,24431.0,cfbd,2026-09-06T17:05:44.127466+00:00,2022-09-10T16:00:00.000Z
2022_CFB_W02_USM_MIA,7,30,23,37,,,46422.0,cfbd,2026-09-06T17:05:44.127466+00:00,2022-09-10T16:00:00.000Z
2022_CFB_W02_FCS2127_NCSU,3,55,52,58,,,54169.0,cfbd,2026-09-06T17:05:44.127466+00:00,2022-09-10T16:30:00.000Z
2022_CFB_W02_USA_CMU,38,24,-14,62,,,17205.0,cfbd,2026-09-06T17:05:44.127466+00:00,2022-09-10T17:00:00.000Z
2022_CFB_W02_FCS253_UTAH,7,73,66,80,,,51531.0,cfbd,2026-09-06T17:05:44.127466+00:00,2022-09-10T17:30:00.000Z
2022_CFB_W02_FCS322_TEM,14,30,16,44,,,18430.0,cfbd,2026-09-06T17:05:44.127466+00:00,2022-09-10T18:00:00.000Z
2022_CFB_W02_WMU_BALL,37,30,-7,67,,,12972.0,cfbd,2026-09-06T17:05:44.127466+00:00,2022-09-10T18:00:00.000Z
2022_CFB_W02_MRSH_ND,26,21,-5,47,,,77622.0,cfbd,2026-09-06T17:05:44.127466+00:00,2022-09-10T18:30:00.000Z
2022_CFB_W02_MEM_NAVY,37,13,-24,50,,,30082.0,cfbd,2026-09-06T17:05:44.127466+00:00,2022-09-10T19:30:00.000Z
2022_CFB_W02_FCS231_CLEM,12,35,23,47,,,78302.0,cfbd,2026-09-06T17:05:44.127466+00:00,2022-09-10T19:30:00.000Z
2022_CFB_W02_MD_CLT,56,21,-35,77,,,12614.0,cfbd,2026-09-06T17:05:44.127466+00:00,2022-09-10T19:30:00.000Z
2022_CFB_W02_WSU_WIS,17,14,-3,31,,,74001.0,cfbd,2026-09-06T17:05:44.127466+00:00,2022-09-10T19:30:00.000Z
2022_CFB_W02_KENN_CIN,10,63,53,73,,,37014.0,cfbd,2026-09-06T17:05:44.127466+00:00,2022-09-10T19:30:00.000Z
2022_CFB_W02_TENN_PITT,34,27,-7,61,,,59785.0,cfbd,2026-09-06T17:05:44.127466+00:00,2022-09-10T19:30:00.000Z
2022_CFB_W02_COLO_AF,10,41,31,51,,,33647.0,cfbd,2026-09-06T17:05:44.127466+00:00,2022-09-10T19:30:00.000Z
2022_CFB_W02_APP_TAM,17,14,-3,31,,,92664.0,cfbd,2026-09-06T17:05:44.127466+00:00,2022-09-10T19:30:00.000Z
2022_CFB_W02_FCS2450_JMU,7,63,56,70,,,23928.0,cfbd,2026-09-06T17:05:44.127466+00:00,2022-09-10T20:00:00.000Z
2022_CFB_W02_HOU_TTU,30,33,3,63,,,56271.0,cfbd,2026-09-06T17:05:44.127466+00:00,2022-09-10T20:00:00.000Z
2022_CFB_W02_ISU_IOWA,10,7,-3,17,,,69250.0,cfbd,2026-09-06T17:05:44.127466+00:00,2022-09-10T20:00:00.000Z
2022_CFB_W02_UVA_ILL,3,24,21,27,,,33669.0,cfbd,2026-09-06T17:05:44.127466+00:00,2022-09-10T20:00:00.000Z
2022_CFB_W02_FCS2502_WASH,6,52,46,58,,,,cfbd,2026-09-06T17:05:44.127466+00:00,2022-09-10T20:00:00.000Z
2022_CFB_W02_FCS2458_WYO,10,33,23,43,,,22863.0,cfbd,2026-09-06T17:05:44.127466+00:00,2022-09-10T20:00:00.000Z
2022_CFB_W02_FCS2198_BGSU,59,57,-2,116,,,17376.0,cfbd,2026-09-06T17:05:44.127466+00:00,2022-09-10T20:00:00.000Z
2022_CFB_W02_MTSU_CSU,34,19,-15,53,,,27641.0,cfbd,2026-09-06T17:05:44.127466+00:00,2022-09-10T20:00:00.000Z
2022_CFB_W02_FCS2535_UGA,0,33,33,33,,,92746.0,cfbd,2026-09-06T17:05:44.127466+00:00,2022-09-10T20:00:00.000Z
2022_CFB_W02_AKR_MSU,0,52,52,52,,,70079.0,cfbd,2026-09-06T17:05:44.127466+00:00,2022-09-10T20:00:00.000Z
2022_CFB_W02_FCS282_PUR,0,56,56,56,,,53676.0,cfbd,2026-09-06T17:05:44.127466+00:00,2022-09-10T20:00:00.000Z
2022_CFB_W02_FCS2681_RUTG,7,66,59,73,,,47621.0,cfbd,2026-09-06T17:05:44.127466+00:00,2022-09-10T20:00:00.000Z
2022_CFB_W02_UNLV_CAL,14,20,6,34,,,38180.0,cfbd,2026-09-06T17:05:44.127466+00:00,2022-09-10T20:00:00.000Z
2022_CFB_W02_FCS2011_UCLA,7,45,38,52,,,33727.0,cfbd,2026-09-06T17:05:44.127466+00:00,2022-09-10T21:00:00.000Z
2022_CFB_W02_FCS2916_NEV,55,41,-14,96,,,14092.0,cfbd,2026-09-06T17:05:44.127466+00:00,2022-09-10T21:30:00.000Z
2022_CFB_W02_FCS2545_FAU,9,42,33,51,,,17532.0,cfbd,2026-09-06T17:05:44.127466+00:00,2022-09-10T22:00:00.000Z
2022_CFB_W02_FCS107_BUF,37,31,-6,68,,,16933.0,cfbd,2026-09-06T17:05:44.127466+00:00,2022-09-10T22:00:00.000Z
2022_CFB_W02_ODU_ECU,21,39,18,60,,,36853.0,cfbd,2026-09-06T17:05:44.127466+00:00,2022-09-10T22:00:00.000Z
2022_CFB_W02_KU_WVU,55,42,-13,97,,,52188.0,cfbd,2026-09-06T17:05:44.127466+00:00,2022-09-10T22:00:00.000Z
2022_CFB_W02_FCS2241_CCU,27,31,4,58,,,12261.0,cfbd,2026-09-06T17:05:44.127466+00:00,2022-09-10T22:00:00.000Z
2022_CFB_W02_FCS2523_MOH,14,31,17,45,,,9828.0,cfbd,2026-09-06T17:05:44.127466+00:00,2022-09-10T22:00:00.000Z
2022_CFB_W02_UAB_LIB,14,21,7,35,,,18892.0,cfbd,2026-09-06T17:05:44.127466+00:00,2022-09-10T22:00:00.000Z
2022_CFB_W02_KENT_OU,3,33,30,36,,,83911.0,cfbd,2026-09-06T17:05:44.127466+00:00,2022-09-10T23:00:00.000Z
2022_CFB_W02_EMU_UL,21,49,28,70,,,15352.0,cfbd,2026-09-06T17:05:44.127466+00:00,2022-09-10T23:00:00.000Z
2022_CFB_W02_FIU_TXST,12,41,29,53,,,18757.0,cfbd,2026-09-06T17:05:44.127466+00:00,2022-09-10T23:00:00.000Z
2022_CFB_W02_FCS47_USF,20,42,22,62,,,28554.0,cfbd,2026-09-06T17:05:44.127466+00:00,2022-09-10T23:00:00.000Z
2022_CFB_W02_FCS2320_SMU,16,45,29,61,,,26509.0,cfbd,2026-09-06T17:05:44.127466+00:00,2022-09-10T23:00:00.000Z
2022_CFB_W02_FCS2692_USU,35,7,-28,42,,,17781.0,cfbd,2026-09-06T17:05:44.127466+00:00,2022-09-10T23:00:00.000Z
2022_CFB_W02_MASS_TOL,10,55,45,65,,,20147.0,cfbd,2026-09-06T17:05:44.127466+00:00,2022-09-10T23:00:00.000Z
2022_CFB_W02_FCS2717_GT,17,35,18,52,,,36486.0,cfbd,2026-09-06T17:05:44.127466+00:00,2022-09-10T23:00:00.000Z
2022_CFB_W02_SYR_CONN,48,14,-34,62,,,25114.0,cfbd,2026-09-06T17:05:44.127466+00:00,2022-09-10T23:00:00.000Z
2022_CFB_W02_UK_FLA,26,16,-10,42,,,89993.0,cfbd,2026-09-06T17:05:44.127466+00:00,2022-09-10T23:00:00.000Z
2022_CFB_W02_FCS2016_TULN,0,52,52,52,,,14501.0,cfbd,2026-09-06T17:05:44.127466+00:00,2022-09-10T23:00:00.000Z
2022_CFB_W02_FCS2617_LT,17,52,35,69,,,16094.0,cfbd,2026-09-06T17:05:44.127466+00:00,2022-09-10T23:00:00.000Z
2022_CFB_W02_FCS2110_MISS,3,59,56,62,,,58373.0,cfbd,2026-09-06T17:05:44.127466+00:00,2022-09-10T23:00:00.000Z
2022_CFB_W02_FCS2010_TROY,17,38,21,55,,,26189.0,cfbd,2026-09-06T17:05:44.127466+00:00,2022-09-10T23:00:00.000Z
2022_CFB_W02_NIU_TLSA,35,38,3,73,,,22113.0,cfbd,2026-09-06T17:05:44.127466+00:00,2022-09-10T23:00:00.000Z
2022_CFB_W02_ASU_OKST,17,34,17,51,,,54949.0,cfbd,2026-09-06T17:05:44.127466+00:00,2022-09-10T23:30:00.000Z
2022_CFB_W02_SJSU_AUB,16,24,8,40,,,83340.0,cfbd,2026-09-06T17:05:44.127466+00:00,2022-09-10T23:30:00.000Z
2022_CFB_W02_FCS2640_UNT,27,59,32,86,,,15984.0,cfbd,2026-09-06T17:05:44.127466+00:00,2022-09-10T23:30:00.000Z
2022_CFB_W02_FCS2377_RICE,10,52,42,62,,,18629.0,cfbd,2026-09-06T17:05:44.127466+00:00,2022-09-10T23:30:00.000Z
2022_CFB_W02_GASO_NEB,45,42,-3,87,,,86862.0,cfbd,2026-09-06T17:05:44.127466+00:00,2022-09-10T23:30:00.000Z
2022_CFB_W02_USC_STAN,41,28,-13,69,,,43813.0,cfbd,2026-09-06T17:05:44.127466+00:00,2022-09-10T23:30:00.000Z
2022_CFB_W02_FCS2582_LSU,17,65,48,82,,,102321.0,cfbd,2026-09-06T17:05:44.127466+00:00,2022-09-10T23:30:00.000Z
2022_CFB_W02_HAW_MICH,10,56,46,66,,,110012.0,cfbd,2026-09-06T17:05:44.127466+00:00,2022-09-11T00:00:00.000Z
2022_CFB_W02_FCS2627_TCU,17,59,42,76,,,43197.0,cfbd,2026-09-06T17:05:44.127466+00:00,2022-09-11T00:00:00.000Z
2022_CFB_W02_FCS2447_ULM,7,35,28,42,,,13536.0,cfbd,2026-09-06T17:05:44.127466+00:00,2022-09-11T00:00:00.000Z
2022_CFB_W02_FCS70_IU,22,35,13,57,,,46785.0,cfbd,2026-09-06T17:05:44.127466+00:00,2022-09-11T00:00:00.000Z
2022_CFB_W02_BC_VT,10,27,17,37,,,65632.0,cfbd,2026-09-06T17:05:44.127466+00:00,2022-09-11T00:00:00.000Z
2022_CFB_W02_FCS304_SDSU,7,38,31,45,,,27865.0,cfbd,2026-09-06T17:05:44.127466+00:00,2022-09-11T00:00:00.000Z
2022_CFB_W02_FCS331_ORE,14,70,56,84,,,47289.0,cfbd,2026-09-06T17:05:44.127466+00:00,2022-09-11T00:30:00.000Z
2022_CFB_W02_NMSU_UTEP,13,20,7,33,,,23325.0,cfbd,2026-09-06T17:05:44.127466+00:00,2022-09-11T01:00:00.000Z
2022_CFB_W02_BAY_BYU,20,26,6,46,,,63470.0,cfbd,2026-09-06T17:05:44.127466+00:00,2022-09-11T02:15:00.000Z
2022_CFB_W02_ORST_FRES,35,32,-3,67,,,41031.0,cfbd,2026-09-06T17:05:44.127466+00:00,2022-09-11T02:30:00.000Z
2022_CFB_W02_MSST_ARIZ,39,17,-22,56,,,46275.0,cfbd,2026-09-06T17:05:44.127466+00:00,2022-09-11T03:00:00.000Z
2022_CFB_W03_FSU_LOU,35,31,-4,66,,,46459.0,cfbd,2026-09-06T17:05:44.127466+00:00,2022-09-16T23:30:00.000Z
2022_CFB_W03_AF_WYO,14,17,3,31,,,18277.0,cfbd,2026-09-06T17:05:44.127466+00:00,2022-09-17T00:00:00.000Z
2022_CFB_W03_FCS2747_VT,7,27,20,34,,,62043.0,cfbd,2026-09-06T17:05:44.127466+00:00,2022-09-17T15:00:00.000Z
2022_CFB_W03_CIN_MOH,38,17,-21,55,,,30109.0,cfbd,2026-09-06T17:05:44.127466+00:00,2022-09-17T16:00:00.000Z
2022_CFB_W03_FCS2000_MIZ,17,34,17,51,,,53253.0,cfbd,2026-09-06T17:05:44.127466+00:00,2022-09-17T16:00:00.000Z
2022_CFB_W03_UGA_SC,48,7,-41,55,,,78212.0,cfbd,2026-09-06T17:05:44.127466+00:00,2022-09-17T16:00:00.000Z
2022_CFB_W03_OU_NEB,49,14,-35,63,,,87161.0,cfbd,2026-09-06T17:05:44.127466+00:00,2022-09-17T16:00:00.000Z
2022_CFB_W03_TXST_BAY,7,42,35,49,,,45597.0,cfbd,2026-09-06T17:05:44.127466+00:00,2022-09-17T16:00:00.000Z
2022_CFB_W03_FCS222_ARMY,10,49,39,59,,,32320.0,cfbd,2026-09-06T17:05:44.127466+00:00,2022-09-17T16:00:00.000Z
2022_CFB_W03_CONN_MICH,0,59,59,59,,,109639.0,cfbd,2026-09-06T17:05:44.127466+00:00,2022-09-17T16:00:00.000Z
2022_CFB_W03_FCS79_NU,31,24,-7,55,,,23146.0,cfbd,2026-09-06T17:05:44.127466+00:00,2022-09-17T16:00:00.000Z
2022_CFB_W03_FCS2341_KENT,10,63,53,73,,,15452.0,cfbd,2026-09-06T17:05:44.127466+00:00,2022-09-17T16:00:00.000Z
2022_CFB_W03_WKU_IU,30,33,3,63,,,48952.0,cfbd,2026-09-06T17:05:44.127466+00:00,2022-09-17T16:00:00.000Z
2022_CFB_W03_FCS2754_UK,0,31,31,31,,,59308.0,cfbd,2026-09-06T17:05:44.127466+00:00,2022-09-17T16:00:00.000Z
2022_CFB_W03_PUR_SYR,29,32,3,61,,,35943.0,cfbd,2026-09-06T17:05:44.127466+00:00,2022-09-17T16:00:00.000Z
2022_CFB_W03_FCS2083_CMU,0,41,41,41,,,21554.0,cfbd,2026-09-06T17:05:44.127466+00:00,2022-09-17T17:00:00.000Z
2022_CFB_W03_BUF_CCU,26,38,12,64,,,13372.0,cfbd,2026-09-06T17:05:44.127466+00:00,2022-09-17T17:00:00.000Z
2022_CFB_W03_FCS119_WVU,7,65,58,72,,,50703.0,cfbd,2026-09-06T17:05:44.127466+00:00,2022-09-17T17:00:00.000Z
2022_CFB_W03_ODU_UVA,14,16,2,30,,,40556.0,cfbd,2026-09-06T17:05:44.127466+00:00,2022-09-17T18:00:00.000Z
2022_CFB_W03_FCS93_BALL,0,31,31,31,,,14413.0,cfbd,2026-09-06T17:05:44.127466+00:00,2022-09-17T18:00:00.000Z
2022_CFB_W03_RUTG_TEM,16,14,-2,30,,,33297.0,cfbd,2026-09-06T17:05:44.127466+00:00,2022-09-17T18:00:00.000Z
2022_CFB_W03_OHIO_ISU,10,43,33,53,,,58138.0,cfbd,2026-09-06T17:05:44.127466+00:00,2022-09-17T18:00:00.000Z
2022_CFB_W03_USA_UCLA,31,32,1,63,,,29344.0,cfbd,2026-09-06T17:05:44.127466+00:00,2022-09-17T18:00:00.000Z
2022_CFB_W03_CAL_ND,17,24,7,41,,,77622.0,cfbd,2026-09-06T17:05:44.127466+00:00,2022-09-17T18:30:00.000Z
2022_CFB_W03_TULN_KSU,17,10,-7,27,,,50887.0,cfbd,2026-09-06T17:05:44.127466+00:00,2022-09-17T19:00:00.000Z
2022_CFB_W03_UNT_UNLV,27,58,31,85,,,19623.0,cfbd,2026-09-06T17:05:44.127466+00:00,2022-09-17T19:00:00.000Z
2022_CFB_W03_NMSU_WIS,7,66,59,73,,,73080.0,cfbd,2026-09-06T17:05:44.127466+00:00,2022-09-17T19:30:00.000Z
2022_CFB_W03_MISS_GT,42,0,-42,42,,,40293.0,cfbd,2026-09-06T17:05:44.127466+00:00,2022-09-17T19:30:00.000Z
2022_CFB_W03_VAN_NIU,38,28,-10,66,,,14110.0,cfbd,2026-09-06T17:05:44.127466+00:00,2022-09-17T19:30:00.000Z
2022_CFB_W03_TROY_APP,28,32,4,60,,,34406.0,cfbd,2026-09-06T17:05:44.127466+00:00,2022-09-17T19:30:00.000Z
2022_CFB_W03_BYU_ORE,20,41,21,61,,,54463.0,cfbd,2026-09-06T17:05:44.127466+00:00,2022-09-17T19:30:00.000Z
2022_CFB_W03_GASO_UAB,21,35,14,56,,,24302.0,cfbd,2026-09-06T17:05:44.127466+00:00,2022-09-17T19:30:00.000Z
2022_CFB_W03_PSU_AUB,41,12,-29,53,,,87451.0,cfbd,2026-09-06T17:05:44.127466+00:00,2022-09-17T19:30:00.000Z
2022_CFB_W03_COLO_MINN,7,49,42,56,,,42101.0,cfbd,2026-09-06T17:05:44.127466+00:00,2022-09-17T19:30:00.000Z
2022_CFB_W03_FCS2619_MASS,3,20,17,23,,,10011.0,cfbd,2026-09-06T17:05:44.127466+00:00,2022-09-17T19:30:00.000Z
2022_CFB_W03_FCS2630_BOIS,7,30,23,37,,,,cfbd,2026-09-06T17:05:44.127466+00:00,2022-09-17T20:00:00.000Z
2022_CFB_W03_ULM_ALA,7,63,56,70,,,98433.0,cfbd,2026-09-06T17:05:44.127466+00:00,2022-09-17T20:00:00.000Z
2022_CFB_W03_KU_HOU,48,30,-18,78,,,30317.0,cfbd,2026-09-06T17:05:44.127466+00:00,2022-09-17T20:00:00.000Z
2022_CFB_W03_LIB_WAKE,36,37,1,73,,,32891.0,cfbd,2026-09-06T17:05:44.127466+00:00,2022-09-17T21:00:00.000Z
2022_CFB_W03_CSU_WSU,7,38,31,45,,,,cfbd,2026-09-06T17:05:44.127466+00:00,2022-09-17T21:00:00.000Z
2022_CFB_W03_MRSH_BGSU,31,34,3,65,,,21158.0,cfbd,2026-09-06T17:05:44.127466+00:00,2022-09-17T21:00:00.000Z
2022_CFB_W03_FCS2097_ECU,10,49,39,59,,,43036.0,cfbd,2026-09-06T17:05:44.127466+00:00,2022-09-17T22:00:00.000Z
2022_CFB_W03_MSST_LSU,16,31,15,47,,,98520.0,cfbd,2026-09-06T17:05:44.127466+00:00,2022-09-17T22:00:00.000Z
2022_CFB_W03_FCS2448_DUKE,20,49,29,69,,,32802.0,cfbd,2026-09-06T17:05:44.127466+00:00,2022-09-17T22:00:00.000Z
2022_CFB_W03_FCS2634_MTSU,6,49,43,55,,,22227.0,cfbd,2026-09-06T17:05:44.127466+00:00,2022-09-17T23:00:00.000Z
2022_CFB_W03_FCS2029_OKST,7,63,56,70,,,55509.0,cfbd,2026-09-06T17:05:44.127466+00:00,2022-09-17T23:00:00.000Z
2022_CFB_W03_MOST_ARK,27,38,11,65,,,74133.0,cfbd,2026-09-06T17:05:44.127466+00:00,2022-09-17T23:00:00.000Z
2022_CFB_W03_ARST_MEM,32,44,12,76,,,,cfbd,2026-09-06T17:05:44.127466+00:00,2022-09-17T23:00:00.000Z
2022_CFB_W03_TOL_OSU,21,77,56,98,,,105398.0,cfbd,2026-09-06T17:05:44.127466+00:00,2022-09-17T23:00:00.000Z
2022_CFB_W03_CLT_GAST,42,41,-1,83,,,16433.0,cfbd,2026-09-06T17:05:44.127466+00:00,2022-09-17T23:00:00.000Z
2022_CFB_W03_TTU_NCSU,14,27,13,41,,,56919.0,cfbd,2026-09-06T17:05:44.127466+00:00,2022-09-17T23:00:00.000Z
2022_CFB_W03_AKR_TENN,6,63,57,69,,,,cfbd,2026-09-06T17:05:44.127466+00:00,2022-09-17T23:00:00.000Z
2022_CFB_W03_FCS2466_USM,10,64,54,74,,,26202.0,cfbd,2026-09-06T17:05:44.127466+00:00,2022-09-17T23:00:00.000Z
2022_CFB_W03_JXST_TLSA,17,54,37,71,,,17311.0,cfbd,2026-09-06T17:05:44.127466+00:00,2022-09-17T23:00:00.000Z
2022_CFB_W03_UL_RICE,21,33,12,54,,,,cfbd,2026-09-06T17:05:44.127466+00:00,2022-09-17T23:30:00.000Z
2022_CFB_W03_MSU_WASH,28,39,11,67,,,68161.0,cfbd,2026-09-06T17:05:44.127466+00:00,2022-09-17T23:30:00.000Z
2022_CFB_W03_UCF_FAU,40,14,-26,54,,,30991.0,cfbd,2026-09-06T17:05:44.127466+00:00,2022-09-17T23:30:00.000Z
2022_CFB_W03_PITT_WMU,34,13,-21,47,,,22875.0,cfbd,2026-09-06T17:05:44.127466+00:00,2022-09-17T23:30:00.000Z
2022_CFB_W03_NEV_IOWA,0,27,27,27,,,69250.0,cfbd,2026-09-06T17:05:44.127466+00:00,2022-09-17T23:30:00.000Z
2022_CFB_W03_FCS311_BC,17,38,21,55,,,34325.0,cfbd,2026-09-06T17:05:44.127466+00:00,2022-09-17T23:30:00.000Z
2022_CFB_W03_SMU_MD,27,34,7,61,,,31194.0,cfbd,2026-09-06T17:05:44.127466+00:00,2022-09-17T23:30:00.000Z
2022_CFB_W03_USF_FLA,28,31,3,59,,,88496.0,cfbd,2026-09-06T17:05:44.127466+00:00,2022-09-17T23:30:00.000Z
2022_CFB_W03_UTEP_UNM,10,27,17,37,,,15269.0,cfbd,2026-09-06T17:05:44.127466+00:00,2022-09-18T00:00:00.000Z
2022_CFB_W03_LT_CLEM,20,48,28,68,,,80542.0,cfbd,2026-09-06T17:05:44.127466+00:00,2022-09-18T00:00:00.000Z
2022_CFB_W03_FCS147_ORST,28,68,40,96,,,25218.0,cfbd,2026-09-06T17:05:44.127466+00:00,2022-09-18T00:00:00.000Z
2022_CFB_W03_UTSA_TEX,20,41,21,61,,,102520.0,cfbd,2026-09-06T17:05:44.127466+00:00,2022-09-18T00:00:00.000Z
2022_CFB_W03_MIA_TAM,9,17,8,26,,,,cfbd,2026-09-06T17:05:44.127466+00:00,2022-09-18T01:00:00.000Z
2022_CFB_W03_SDSU_UTAH,7,35,28,42,,,51602.0,cfbd,2026-09-06T17:05:44.127466+00:00,2022-09-18T02:00:00.000Z
2022_CFB_W03_FRES_USC,17,45,28,62,,,67226.0,cfbd,2026-09-06T17:05:44.127466+00:00,2022-09-18T02:30:00.000Z
2022_CFB_W03_NDSU_ARIZ,28,31,3,59,,,41211.0,cfbd,2026-09-06T17:05:44.127466+00:00,2022-09-18T03:00:00.000Z
2022_CFB_W03_EMU_ASU,30,21,-9,51,,,43788.0,cfbd,2026-09-06T17:05:44.127466+00:00,2022-09-18T03:00:00.000Z
2022_CFB_W03_FCS2184_HAW,14,24,10,38,,,8991.0,cfbd,2026-09-06T17:05:44.127466+00:00,2022-09-18T03:59:00.000Z
2022_CFB_W04_CCU_GAST,41,24,-17,65,,,13467.0,cfbd,2026-09-06T17:05:44.127466+00:00,2022-09-22T23:30:00.000Z
2022_CFB_W04_WVU_VT,33,10,-23,43,,,65632.0,cfbd,2026-09-06T17:05:44.127466+00:00,2022-09-22T23:30:00.000Z
2022_CFB_W04_FCS236_ILL,0,31,31,31,,,37579.0,cfbd,2026-09-06T17:05:44.127466+00:00,2022-09-23T00:30:00.000Z
2022_CFB_W04_UVA_SYR,20,22,2,42,,,34590.0,cfbd,2026-09-06T17:05:44.127466+00:00,2022-09-23T23:00:00.000Z
2022_CFB_W04_NEV_AF,20,48,28,68,,,20506.0,cfbd,2026-09-06T17:05:44.127466+00:00,2022-09-24T00:00:00.000Z
2022_CFB_W04_BOIS_UTEP,10,27,17,37,,,11227.0,cfbd,2026-09-06T17:05:44.127466+00:00,2022-09-24T01:00:00.000Z
2022_CFB_W04_FCS227_PITT,24,45,21,69,,,54667.0,cfbd,2026-09-06T17:05:44.127466+00:00,2022-09-24T16:00:00.000Z
2022_CFB_W04_BUF_EMU,50,31,-19,81,,,14524.0,cfbd,2026-09-06T17:05:44.127466+00:00,2022-09-24T16:00:00.000Z
2022_CFB_W04_MIZ_AUB,14,17,3,31,,,85750.0,cfbd,2026-09-06T17:05:44.127466+00:00,2022-09-24T16:00:00.000Z
2022_CFB_W04_BGSU_MSST,14,45,31,59,,,48376.0,cfbd,2026-09-06T17:05:44.127466+00:00,2022-09-24T16:00:00.000Z
2022_CFB_W04_TCU_SMU,42,34,-8,76,,,35569.0,cfbd,2026-09-06T17:05:44.127466+00:00,2022-09-24T16:00:00.000Z
2022_CFB_W04_MD_MICH,27,34,7,61,,,110225.0,cfbd,2026-09-06T17:05:44.127466+00:00,2022-09-24T16:00:00.000Z
2022_CFB_W04_CLEM_WAKE,51,45,-6,96,,,32903.0,cfbd,2026-09-06T17:05:44.127466+00:00,2022-09-24T16:00:00.000Z
2022_CFB_W04_USF_LOU,3,41,38,44,,,41217.0,cfbd,2026-09-06T17:05:44.127466+00:00,2022-09-24T16:00:00.000Z
2022_CFB_W04_CMU_PSU,14,33,19,47,,,106624.0,cfbd,2026-09-06T17:05:44.127466+00:00,2022-09-24T16:00:00.000Z
2022_CFB_W04_BAY_ISU,31,24,-7,55,,,58069.0,cfbd,2026-09-06T17:05:44.127466+00:00,2022-09-24T16:00:00.000Z
2022_CFB_W04_DUKE_KU,27,35,8,62,,,47233.0,cfbd,2026-09-06T17:05:44.127466+00:00,2022-09-24T16:00:00.000Z
2022_CFB_W04_KENT_UGA,22,39,17,61,,,92746.0,cfbd,2026-09-06T17:05:44.127466+00:00,2022-09-24T16:00:00.000Z
2022_CFB_W04_MASS_TEM,0,28,28,28,,,14033.0,cfbd,2026-09-06T17:05:44.127466+00:00,2022-09-24T18:00:00.000Z
2022_CFB_W04_FCS2230_OHIO,52,59,7,111,,,19024.0,cfbd,2026-09-06T17:05:44.127466+00:00,2022-09-24T18:00:00.000Z
2022_CFB_W04_UCLA_COLO,45,17,-28,62,,,42848.0,cfbd,2026-09-06T17:05:44.127466+00:00,2022-09-24T18:00:00.000Z
2022_CFB_W04_FLA_TENN,33,38,5,71,,,101915.0,cfbd,2026-09-06T17:05:44.127466+00:00,2022-09-24T19:30:00.000Z
2022_CFB_W04_FIU_WKU,0,73,73,73,,,15127.0,cfbd,2026-09-06T17:05:44.127466+00:00,2022-09-24T19:30:00.000Z
2022_CFB_W04_UNT_MEM,34,44,10,78,,,23203.0,cfbd,2026-09-06T17:05:44.127466+00:00,2022-09-24T19:30:00.000Z
2022_CFB_W04_TOL_SDSU,14,17,3,31,,,27108.0,cfbd,2026-09-06T17:05:44.127466+00:00,2022-09-24T19:30:00.000Z
2022_CFB_W04_JMU_APP,32,28,-4,60,,,33248.0,cfbd,2026-09-06T17:05:44.127466+00:00,2022-09-24T19:30:00.000Z
2022_CFB_W04_MINN_MSU,34,7,-27,41,,,74587.0,cfbd,2026-09-06T17:05:44.127466+00:00,2022-09-24T19:30:00.000Z
2022_CFB_W04_ND_UNC,45,32,-13,77,,,50500.0,cfbd,2026-09-06T17:05:44.127466+00:00,2022-09-24T19:30:00.000Z
2022_CFB_W04_FCS2640_UTSA,24,52,28,76,,,22562.0,cfbd,2026-09-06T17:05:44.127466+00:00,2022-09-24T19:30:00.000Z
2022_CFB_W04_MTSU_MIA,45,31,-14,76,,,46713.0,cfbd,2026-09-06T17:05:44.127466+00:00,2022-09-24T19:30:00.000Z
2022_CFB_W04_TEX_TTU,34,37,3,71,,,60975.0,cfbd,2026-09-06T17:05:44.127466+00:00,2022-09-24T19:30:00.000Z
2022_CFB_W04_IU_CIN,24,45,21,69,,,38464.0,cfbd,2026-09-06T17:05:44.127466+00:00,2022-09-24T19:30:00.000Z
2022_CFB_W04_TLSA_MISS,27,35,8,62,,,60641.0,cfbd,2026-09-06T17:05:44.127466+00:00,2022-09-24T20:00:00.000Z
2022_CFB_W04_GT_UCF,10,27,17,37,,,,cfbd,2026-09-06T17:05:44.127466+00:00,2022-09-24T20:00:00.000Z
2022_CFB_W04_SAC_CSU,41,10,-31,51,,,25445.0,cfbd,2026-09-06T17:05:44.127466+00:00,2022-09-24T20:00:00.000Z
2022_CFB_W04_ORE_WSU,44,41,-3,85,,,33058.0,cfbd,2026-09-06T17:05:44.127466+00:00,2022-09-24T20:00:00.000Z
2022_CFB_W04_ARIZ_CAL,31,49,18,80,,,37216.0,cfbd,2026-09-06T17:05:44.127466+00:00,2022-09-24T21:30:00.000Z
2022_CFB_W04_BALL_GASO,23,34,11,57,,,18434.0,cfbd,2026-09-06T17:05:44.127466+00:00,2022-09-24T22:00:00.000Z
2022_CFB_W04_AKR_LIB,12,21,9,33,,,20004.0,cfbd,2026-09-06T17:05:44.127466+00:00,2022-09-24T22:00:00.000Z
2022_CFB_W04_ARST_ODU,26,29,3,55,,,,cfbd,2026-09-06T17:05:44.127466+00:00,2022-09-24T22:00:00.000Z
2022_CFB_W04_NAVY_ECU,23,20,-3,43,,,39227.0,cfbd,2026-09-06T17:05:44.127466+00:00,2022-09-24T22:00:00.000Z
2022_CFB_W04_RICE_HOU,27,34,7,61,,,26377.0,cfbd,2026-09-06T17:05:44.127466+00:00,2022-09-24T22:00:00.000Z
2022_CFB_W04_FCS2277_TXST,0,34,34,34,,,16237.0,cfbd,2026-09-06T17:05:44.127466+00:00,2022-09-24T23:00:00.000Z
2022_CFB_W04_IOWA_RUTG,27,10,-17,37,,,53117.0,cfbd,2026-09-06T17:05:44.127466+00:00,2022-09-24T23:00:00.000Z
2022_CFB_W04_NIU_UK,23,31,8,54,,,61579.0,cfbd,2026-09-06T17:05:44.127466+00:00,2022-09-24T23:00:00.000Z
2022_CFB_W04_MRSH_TROY,7,16,9,23,,,27514.0,cfbd,2026-09-06T17:05:44.127466+00:00,2022-09-24T23:00:00.000Z
2022_CFB_W04_UNLV_USU,34,24,-10,58,,,17454.0,cfbd,2026-09-06T17:05:44.127466+00:00,2022-09-24T23:00:00.000Z
2022_CFB_W04_LT_USA,14,38,24,52,,,17939.0,cfbd,2026-09-06T17:05:44.127466+00:00,2022-09-24T23:00:00.000Z
2022_CFB_W04_USM_TULN,27,24,-3,51,,,20422.0,cfbd,2026-09-06T17:05:44.127466+00:00,2022-09-24T23:00:00.000Z
2022_CFB_W04_ARK_TAM,21,23,2,44,,,63580.0,cfbd,2026-09-06T17:05:44.127466+00:00,2022-09-24T23:00:00.000Z
2022_CFB_W04_FAU_PUR,26,28,2,54,,,55137.0,cfbd,2026-09-06T17:05:44.127466+00:00,2022-09-24T23:30:00.000Z
2022_CFB_W04_WIS_OSU,21,52,31,73,,,105473.0,cfbd,2026-09-06T17:05:44.127466+00:00,2022-09-24T23:30:00.000Z
2022_CFB_W04_MOH_NU,17,14,-3,31,,,23773.0,cfbd,2026-09-06T17:05:44.127466+00:00,2022-09-24T23:30:00.000Z
2022_CFB_W04_CLT_SC,20,56,36,76,,,77982.0,cfbd,2026-09-06T17:05:44.127466+00:00,2022-09-24T23:30:00.000Z
2022_CFB_W04_UNM_LSU,0,38,38,38,,,100501.0,cfbd,2026-09-06T17:05:44.127466+00:00,2022-09-24T23:30:00.000Z
2022_CFB_W04_CONN_NCSU,10,41,31,51,,,56919.0,cfbd,2026-09-06T17:05:44.127466+00:00,2022-09-24T23:30:00.000Z
2022_CFB_W04_VAN_ALA,3,55,52,58,,,96246.0,cfbd,2026-09-06T17:05:44.127466+00:00,2022-09-24T23:30:00.000Z
2022_CFB_W04_UL_ULM,17,21,4,38,,,19077.0,cfbd,2026-09-06T17:05:44.127466+00:00,2022-09-25T00:00:00.000Z
2022_CFB_W04_BC_FSU,14,44,30,58,,,79560.0,cfbd,2026-09-06T17:05:44.127466+00:00,2022-09-25T00:00:00.000Z
2022_CFB_W04_KSU_OU,41,34,-7,75,,,84376.0,cfbd,2026-09-06T17:05:44.127466+00:00,2022-09-25T00:00:00.000Z
2022_CFB_W04_HAW_NMSU,26,45,19,71,,,,cfbd,2026-09-06T17:05:44.127466+00:00,2022-09-25T00:00:00.000Z
2022_CFB_W04_USC_ORST,17,14,-3,31,,,28769.0,cfbd,2026-09-06T17:05:44.127466+00:00,2022-09-25T01:30:00.000Z
2022_CFB_W04_WYO_BYU,24,38,14,62,,,60092.0,cfbd,2026-09-06T17:05:44.127466+00:00,2022-09-25T02:15:00.000Z
2022_CFB_W04_WMU_SJSU,6,34,28,40,,,17058.0,cfbd,2026-09-06T17:05:44.127466+00:00,2022-09-25T02:30:00.000Z
2022_CFB_W04_STAN_WASH,22,40,18,62,,,65438.0,cfbd,2026-09-06T17:05:44.127466+00:00,2022-09-25T02:30:00.000Z
2022_CFB_W04_UTAH_ASU,34,13,-21,47,,,39876.0,cfbd,2026-09-06T17:05:44.127466+00:00,2022-09-25T02:30:00.000Z
2022_CFB_W05_FCS2569_SC,10,50,40,60,,,61551.0,cfbd,2026-09-06T17:05:44.127466+00:00,2022-09-29T23:00:00.000Z
2022_CFB_W05_USU_BYU,26,38,12,64,,,59417.0,cfbd,2026-09-06T17:05:44.127466+00:00,2022-09-30T00:00:00.000Z
2022_CFB_W05_TULN_HOU,27,24,-3,51,,,24319.0,cfbd,2026-09-06T17:05:44.127466+00:00,2022-09-30T23:00:00.000Z
2022_CFB_W05_UTSA_MTSU,45,30,-15,75,,,15020.0,cfbd,2026-09-06T17:05:44.127466+00:00,2022-09-30T23:30:00.000Z
2022_CFB_W05_SDSU_BOIS,13,35,22,48,,,,cfbd,2026-09-06T17:05:44.127466+00:00,2022-10-01T00:00:00.000Z
2022_CFB_W05_WASH_UCLA,32,40,8,72,,,41343.0,cfbd,2026-09-06T17:05:44.127466+00:00,2022-10-01T02:30:00.000Z
2022_CFB_W05_UNM_UNLV,20,31,11,51,,,21605.0,cfbd,2026-09-06T17:05:44.127466+00:00,2022-10-01T03:00:00.000Z
2022_CFB_W05_LOU_BC,33,34,1,67,,,38517.0,cfbd,2026-09-06T17:05:44.127466+00:00,2022-10-01T16:00:00.000Z
2022_CFB_W05_PUR_MINN,20,10,-10,30,,,48288.0,cfbd,2026-09-06T17:05:44.127466+00:00,2022-10-01T16:00:00.000Z
2022_CFB_W05_ILL_WIS,34,10,-24,44,,,73502.0,cfbd,2026-09-06T17:05:44.127466+00:00,2022-10-01T16:00:00.000Z
2022_CFB_W05_OU_TCU,24,55,31,79,,,49095.0,cfbd,2026-09-06T17:05:44.127466+00:00,2022-10-01T16:00:00.000Z
2022_CFB_W05_TTU_KSU,28,37,9,65,,,50782.0,cfbd,2026-09-06T17:05:44.127466+00:00,2022-10-01T16:00:00.000Z
2022_CFB_W05_UK_MISS,19,22,3,41,,,64828.0,cfbd,2026-09-06T17:05:44.127466+00:00,2022-10-01T16:00:00.000Z
2022_CFB_W05_GAST_ARMY,31,14,-17,45,,,25752.0,cfbd,2026-09-06T17:05:44.127466+00:00,2022-10-01T16:00:00.000Z
2022_CFB_W05_NAVY_AF,10,13,3,23,,,36947.0,cfbd,2026-09-06T17:05:44.127466+00:00,2022-10-01T16:00:00.000Z
2022_CFB_W05_TEM_MEM,3,24,21,27,,,23239.0,cfbd,2026-09-06T17:05:44.127466+00:00,2022-10-01T16:00:00.000Z
2022_CFB_W05_MICH_IOWA,27,14,-13,41,,,69250.0,cfbd,2026-09-06T17:05:44.127466+00:00,2022-10-01T16:00:00.000Z
2022_CFB_W05_TXST_JMU,13,40,27,53,,,25188.0,cfbd,2026-09-06T17:05:44.127466+00:00,2022-10-01T17:30:00.000Z
2022_CFB_W05_NIU_BALL,38,44,6,82,,,10012.0,cfbd,2026-09-06T17:05:44.127466+00:00,2022-10-01T18:00:00.000Z
2022_CFB_W05_ORST_UTAH,16,42,26,58,,,51729.0,cfbd,2026-09-06T17:05:44.127466+00:00,2022-10-01T18:00:00.000Z
2022_CFB_W05_MASS_EMU,13,20,7,33,,,16478.0,cfbd,2026-09-06T17:05:44.127466+00:00,2022-10-01T18:00:00.000Z
2022_CFB_W05_ECU_USF,48,28,-20,76,,,3708.0,cfbd,2026-09-06T17:05:44.127466+00:00,2022-10-01T18:30:00.000Z
2022_CFB_W05_ALA_ARK,49,26,-23,75,,,75579.0,cfbd,2026-09-06T17:05:44.127466+00:00,2022-10-01T19:30:00.000Z
2022_CFB_W05_RUTG_OSU,10,49,39,59,,,104245.0,cfbd,2026-09-06T17:05:44.127466+00:00,2022-10-01T19:30:00.000Z
2022_CFB_W05_OHIO_KENT,24,31,7,55,,,20392.0,cfbd,2026-09-06T17:05:44.127466+00:00,2022-10-01T19:30:00.000Z
2022_CFB_W05_WAKE_FSU,31,21,-10,52,,,69749.0,cfbd,2026-09-06T17:05:44.127466+00:00,2022-10-01T19:30:00.000Z
2022_CFB_W05_MSU_MD,13,27,14,40,,,30559.0,cfbd,2026-09-06T17:05:44.127466+00:00,2022-10-01T19:30:00.000Z
2022_CFB_W05_VT_UNC,10,41,31,51,,,45029.0,cfbd,2026-09-06T17:05:44.127466+00:00,2022-10-01T19:30:00.000Z
2022_CFB_W05_OKST_BAY,36,25,-11,61,,,47979.0,cfbd,2026-09-06T17:05:44.127466+00:00,2022-10-01T19:30:00.000Z
2022_CFB_W05_NU_PSU,7,17,10,24,,,105524.0,cfbd,2026-09-06T17:05:44.127466+00:00,2022-10-01T19:30:00.000Z
2022_CFB_W05_FRES_CONN,14,19,5,33,,,20952.0,cfbd,2026-09-06T17:05:44.127466+00:00,2022-10-01T19:30:00.000Z
2022_CFB_W05_FCS2643_APP,0,49,49,49,,,30789.0,cfbd,2026-09-06T17:05:44.127466+00:00,2022-10-01T19:30:00.000Z
2022_CFB_W05_MOH_BUF,20,24,4,44,,,18615.0,cfbd,2026-09-06T17:05:44.127466+00:00,2022-10-01T19:30:00.000Z
2022_CFB_W05_BGSU_AKR,31,28,-3,59,,,8093.0,cfbd,2026-09-06T17:05:44.127466+00:00,2022-10-01T19:30:00.000Z
2022_CFB_W05_CMU_TOL,17,38,21,55,,,22273.0,cfbd,2026-09-06T17:05:44.127466+00:00,2022-10-01T19:30:00.000Z
2022_CFB_W05_ISU_KU,11,14,3,25,,,47233.0,cfbd,2026-09-06T17:05:44.127466+00:00,2022-10-01T19:30:00.000Z
2022_CFB_W05_FCS2241_MRSH,7,28,21,35,,,19845.0,cfbd,2026-09-06T17:05:44.127466+00:00,2022-10-01T19:30:00.000Z
2022_CFB_W05_FAU_UNT,28,45,17,73,,,18274.0,cfbd,2026-09-06T17:05:44.127466+00:00,2022-10-01T20:00:00.000Z
2022_CFB_W05_TAM_MSST,24,42,18,66,,,51930.0,cfbd,2026-09-06T17:05:44.127466+00:00,2022-10-01T20:00:00.000Z
2022_CFB_W05_FCS2681_SYR,0,59,59,59,,,33373.0,cfbd,2026-09-06T17:05:44.127466+00:00,2022-10-01T21:00:00.000Z
2022_CFB_W05_USA_UL,20,17,-3,37,,,20671.0,cfbd,2026-09-06T17:05:44.127466+00:00,2022-10-01T21:00:00.000Z
2022_CFB_W05_CAL_WSU,9,28,19,37,,,23021.0,cfbd,2026-09-06T17:05:44.127466+00:00,2022-10-01T21:30:00.000Z
2022_CFB_W05_UTEP_CLT,41,35,-6,76,,,9547.0,cfbd,2026-09-06T17:05:44.127466+00:00,2022-10-01T22:00:00.000Z
2022_CFB_W05_FCS160_WMU,7,44,37,51,,,20119.0,cfbd,2026-09-06T17:05:44.127466+00:00,2022-10-01T22:00:00.000Z
2022_CFB_W05_LIB_ODU,38,24,-14,62,,,18368.0,cfbd,2026-09-06T17:05:44.127466+00:00,2022-10-01T22:00:00.000Z
2022_CFB_W05_ULM_ARST,28,45,17,73,,,18172.0,cfbd,2026-09-06T17:05:44.127466+00:00,2022-10-01T23:00:00.000Z
2022_CFB_W05_LSU_AUB,21,17,-4,38,,,87451.0,cfbd,2026-09-06T17:05:44.127466+00:00,2022-10-01T23:00:00.000Z
2022_CFB_W05_CIN_TLSA,31,21,-10,52,,,21111.0,cfbd,2026-09-06T17:05:44.127466+00:00,2022-10-01T23:00:00.000Z
2022_CFB_W05_TROY_WKU,34,27,-7,61,,,20168.0,cfbd,2026-09-06T17:05:44.127466+00:00,2022-10-01T23:00:00.000Z
2022_CFB_W05_GASO_CCU,30,34,4,64,,,18756.0,cfbd,2026-09-06T17:05:44.127466+00:00,2022-10-01T23:00:00.000Z
2022_CFB_W05_UAB_RICE,24,28,4,52,,,21926.0,cfbd,2026-09-06T17:05:44.127466+00:00,2022-10-01T23:30:00.000Z
2022_CFB_W05_UGA_MIZ,26,22,-4,48,,,58165.0,cfbd,2026-09-06T17:05:44.127466+00:00,2022-10-01T23:30:00.000Z
2022_CFB_W05_IU_NEB,21,35,14,56,,,86804.0,cfbd,2026-09-06T17:05:44.127466+00:00,2022-10-01T23:30:00.000Z
2022_CFB_W05_SJSU_WYO,33,16,-17,49,,,17765.0,cfbd,2026-09-06T17:05:44.127466+00:00,2022-10-01T23:30:00.000Z
2022_CFB_W05_UVA_DUKE,17,38,21,55,,,15152.0,cfbd,2026-09-06T17:05:44.127466+00:00,2022-10-01T23:30:00.000Z
2022_CFB_W05_WVU_TEX,20,38,18,58,,,100740.0,cfbd,2026-09-06T17:05:44.127466+00:00,2022-10-01T23:30:00.000Z
2022_CFB_W05_NCSU_CLEM,20,30,10,50,,,81500.0,cfbd,2026-09-06T17:05:44.127466+00:00,2022-10-01T23:30:00.000Z
2022_CFB_W05_FIU_NMSU,21,7,-14,28,,,10423.0,cfbd,2026-09-06T17:05:44.127466+00:00,2022-10-02T00:00:00.000Z
2022_CFB_W05_GT_PITT,26,21,-5,47,,,46972.0,cfbd,2026-09-06T17:05:44.127466+00:00,2022-10-02T00:00:00.000Z
2022_CFB_W05_COLO_ARIZ,20,43,23,63,,,36591.0,cfbd,2026-09-06T17:05:44.127466+00:00,2022-10-02T01:30:00.000Z
2022_CFB_W05_ASU_USC,25,42,17,67,,,62133.0,cfbd,2026-09-06T17:05:44.127466+00:00,2022-10-02T02:30:00.000Z
2022_CFB_W05_STAN_ORE,27,45,18,72,,,52218.0,cfbd,2026-09-06T17:05:44.127466+00:00,2022-10-02T03:00:00.000Z
2022_CFB_W05_FCS331_FLA,17,52,35,69,,,72462.0,cfbd,2026-09-06T17:05:44.127466+00:00,2022-10-02T16:00:00.000Z
2022_CFB_W06_SMU_UCF,19,41,22,60,,,27495.0,cfbd,2026-09-06T17:05:44.127466+00:00,2022-10-05T23:00:00.000Z
2022_CFB_W06_NEB_RUTG,14,13,-1,27,,,53752.0,cfbd,2026-09-06T17:05:44.127466+00:00,2022-10-07T23:00:00.000Z
2022_CFB_W06_HOU_MEM,33,32,-1,65,,,28126.0,cfbd,2026-09-06T17:05:44.127466+00:00,2022-10-07T23:30:00.000Z
2022_CFB_W06_CSU_NEV,17,14,-3,31,,,18255.0,cfbd,2026-09-06T17:05:44.127466+00:00,2022-10-08T02:30:00.000Z
2022_CFB_W06_UNLV_SJSU,7,40,33,47,,,16669.0,cfbd,2026-09-06T17:05:44.127466+00:00,2022-10-08T02:30:00.000Z
2022_CFB_W06_BUF_BGSU,38,7,-31,45,,,8724.0,cfbd,2026-09-06T17:05:44.127466+00:00,2022-10-08T16:00:00.000Z
2022_CFB_W06_LOU_UVA,34,17,-17,51,,,38009.0,cfbd,2026-09-06T17:05:44.127466+00:00,2022-10-08T16:00:00.000Z
2022_CFB_W06_TEX_OU,49,0,-49,49,,,92100.0,cfbd,2026-09-06T17:05:44.127466+00:00,2022-10-08T16:00:00.000Z
2022_CFB_W06_PUR_MD,31,29,-2,60,,,36204.0,cfbd,2026-09-06T17:05:44.127466+00:00,2022-10-08T16:00:00.000Z
2022_CFB_W06_MIZ_FLA,17,24,7,41,,,88471.0,cfbd,2026-09-06T17:05:44.127466+00:00,2022-10-08T16:00:00.000Z
2022_CFB_W06_TENN_LSU,40,13,-27,53,,,102321.0,cfbd,2026-09-06T17:05:44.127466+00:00,2022-10-08T16:00:00.000Z
2022_CFB_W06_ARK_MSST,17,40,23,57,,,57849.0,cfbd,2026-09-06T17:05:44.127466+00:00,2022-10-08T16:00:00.000Z
2022_CFB_W06_EMU_WMU,45,23,-22,68,,,10876.0,cfbd,2026-09-06T17:05:44.127466+00:00,2022-10-08T16:00:00.000Z
2022_CFB_W06_MICH_IU,31,10,-21,41,,,50805.0,cfbd,2026-09-06T17:05:44.127466+00:00,2022-10-08T16:00:00.000Z
2022_CFB_W06_TCU_KU,38,31,-7,69,,,47233.0,cfbd,2026-09-06T17:05:44.127466+00:00,2022-10-08T16:00:00.000Z
2022_CFB_W06_GASO_GAST,33,41,8,74,,,20109.0,cfbd,2026-09-06T17:05:44.127466+00:00,2022-10-08T18:00:00.000Z
2022_CFB_W06_AKR_OHIO,34,55,21,89,,,23108.0,cfbd,2026-09-06T17:05:44.127466+00:00,2022-10-08T18:00:00.000Z
2022_CFB_W06_USF_CIN,24,28,4,52,,,38577.0,cfbd,2026-09-06T17:05:44.127466+00:00,2022-10-08T18:30:00.000Z
2022_CFB_W06_WIS_NU,42,7,-35,49,,,32121.0,cfbd,2026-09-06T17:05:44.127466+00:00,2022-10-08T19:30:00.000Z
2022_CFB_W06_UTAH_UCLA,32,42,10,74,,,42038.0,cfbd,2026-09-06T17:05:44.127466+00:00,2022-10-08T19:30:00.000Z
2022_CFB_W06_LIB_MASS,42,24,-18,66,,,11217.0,cfbd,2026-09-06T17:05:44.127466+00:00,2022-10-08T19:30:00.000Z
2022_CFB_W06_MTSU_UAB,14,41,27,55,,,23694.0,cfbd,2026-09-06T17:05:44.127466+00:00,2022-10-08T19:30:00.000Z
2022_CFB_W06_ECU_TULN,9,24,15,33,,,14193.0,cfbd,2026-09-06T17:05:44.127466+00:00,2022-10-08T19:30:00.000Z
2022_CFB_W06_AUB_UGA,10,42,32,52,,,92746.0,cfbd,2026-09-06T17:05:44.127466+00:00,2022-10-08T19:30:00.000Z
2022_CFB_W06_TTU_OKST,31,41,10,72,,,55509.0,cfbd,2026-09-06T17:05:44.127466+00:00,2022-10-08T19:30:00.000Z
2022_CFB_W06_VT_PITT,29,45,16,74,,,54677.0,cfbd,2026-09-06T17:05:44.127466+00:00,2022-10-08T19:30:00.000Z
2022_CFB_W06_TOL_NIU,52,32,-20,84,,,12682.0,cfbd,2026-09-06T17:05:44.127466+00:00,2022-10-08T19:30:00.000Z
2022_CFB_W06_TLSA_NAVY,21,53,32,74,,,,cfbd,2026-09-06T17:05:44.127466+00:00,2022-10-08T19:30:00.000Z
2022_CFB_W06_BALL_CMU,17,16,-1,33,,,22305.0,cfbd,2026-09-06T17:05:44.127466+00:00,2022-10-08T19:30:00.000Z
2022_CFB_W06_KENT_MOH,24,27,3,51,,,14366.0,cfbd,2026-09-06T17:05:44.127466+00:00,2022-10-08T19:30:00.000Z
2022_CFB_W06_UNC_MIA,27,24,-3,51,,,,cfbd,2026-09-06T17:05:44.127466+00:00,2022-10-08T20:00:00.000Z
2022_CFB_W06_MISS_VAN,52,28,-24,80,,,31567.0,cfbd,2026-09-06T17:05:44.127466+00:00,2022-10-08T20:00:00.000Z
2022_CFB_W06_OSU_MSU,49,20,-29,69,,,72809.0,cfbd,2026-09-06T17:05:44.127466+00:00,2022-10-08T20:00:00.000Z
2022_CFB_W06_WASH_ASU,38,45,7,83,,,39244.0,cfbd,2026-09-06T17:05:44.127466+00:00,2022-10-08T20:00:00.000Z
2022_CFB_W06_DUKE_GT,20,23,3,43,,,32041.0,cfbd,2026-09-06T17:05:44.127466+00:00,2022-10-08T20:00:00.000Z
2022_CFB_W06_WKU_UTSA,28,31,3,59,,,22328.0,cfbd,2026-09-06T17:05:44.127466+00:00,2022-10-08T22:00:00.000Z
2022_CFB_W06_AF_USU,27,34,7,61,,,19105.0,cfbd,2026-09-06T17:05:44.127466+00:00,2022-10-08T23:00:00.000Z
2022_CFB_W06_JMU_ARST,42,20,-22,62,,,20083.0,cfbd,2026-09-06T17:05:44.127466+00:00,2022-10-08T23:00:00.000Z
2022_CFB_W06_WYO_UNM,27,14,-13,41,,,14226.0,cfbd,2026-09-06T17:05:44.127466+00:00,2022-10-08T23:00:00.000Z
2022_CFB_W06_CONN_FIU,33,12,-21,45,,,,cfbd,2026-09-06T17:05:44.127466+00:00,2022-10-08T23:00:00.000Z
2022_CFB_W06_UTEP_LT,31,41,10,72,,,16375.0,cfbd,2026-09-06T17:05:44.127466+00:00,2022-10-08T23:00:00.000Z
2022_CFB_W06_USM_TROY,10,27,17,37,,,26017.0,cfbd,2026-09-06T17:05:44.127466+00:00,2022-10-08T23:00:00.000Z
2022_CFB_W06_APP_TXST,24,36,12,60,,,25613.0,cfbd,2026-09-06T17:05:44.127466+00:00,2022-10-08T23:00:00.000Z
2022_CFB_W06_KSU_ISU,10,9,-1,19,,,60561.0,cfbd,2026-09-06T17:05:44.127466+00:00,2022-10-08T23:30:00.000Z
2022_CFB_W06_SC_UK,24,14,-10,38,,,61612.0,cfbd,2026-09-06T17:05:44.127466+00:00,2022-10-08T23:30:00.000Z
2022_CFB_W06_WSU_USC,14,30,16,44,,,63204.0,cfbd,2026-09-06T17:05:44.127466+00:00,2022-10-08T23:30:00.000Z
2022_CFB_W06_BYU_ND,20,28,8,48,,,62742.0,cfbd,2026-09-06T17:05:44.127466+00:00,2022-10-08T23:30:00.000Z
2022_CFB_W06_ARMY_WAKE,10,45,35,55,,,32524.0,cfbd,2026-09-06T17:05:44.127466+00:00,2022-10-08T23:30:00.000Z
2022_CFB_W06_IOWA_ILL,6,9,3,15,,,44910.0,cfbd,2026-09-06T17:05:44.127466+00:00,2022-10-08T23:30:00.000Z
2022_CFB_W06_CLEM_BC,31,3,-28,34,,,42138.0,cfbd,2026-09-06T17:05:44.127466+00:00,2022-10-08T23:30:00.000Z
2022_CFB_W06_CCU_ULM,28,21,-7,49,,,18448.0,cfbd,2026-09-06T17:05:44.127466+00:00,2022-10-09T00:00:00.000Z
2022_CFB_W06_TAM_ALA,20,24,4,44,,,100077.0,cfbd,2026-09-06T17:05:44.127466+00:00,2022-10-09T00:00:00.000Z
2022_CFB_W06_FSU_NCSU,17,19,2,36,,,56919.0,cfbd,2026-09-06T17:05:44.127466+00:00,2022-10-09T00:00:00.000Z
2022_CFB_W06_ORE_ARIZ,49,22,-27,71,,,50800.0,cfbd,2026-09-06T17:05:44.127466+00:00,2022-10-09T01:00:00.000Z
2022_CFB_W06_FRES_BOIS,20,40,20,60,,,37663.0,cfbd,2026-09-06T17:05:44.127466+00:00,2022-10-09T01:45:00.000Z
2022_CFB_W06_HAW_SDSU,14,16,2,30,,,33073.0,cfbd,2026-09-06T17:05:44.127466+00:00,2022-10-09T02:30:00.000Z
2022_CFB_W06_ORST_STAN,28,27,-1,55,,,32482.0,cfbd,2026-09-06T17:05:44.127466+00:00,2022-10-09T03:00:00.000Z
2022_CFB_W07_UL_MRSH,23,13,-10,36,,,19905.0,cfbd,2026-09-06T17:05:44.127466+00:00,2022-10-12T23:30:00.000Z
2022_CFB_W07_BAY_WVU,40,43,3,83,,,45293.0,cfbd,2026-09-06T17:05:44.127466+00:00,2022-10-13T23:00:00.000Z
2022_CFB_W07_TEM_UCF,13,70,57,83,,,41729.0,cfbd,2026-09-06T17:05:44.127466+00:00,2022-10-13T23:00:00.000Z
2022_CFB_W07_NAVY_SMU,34,40,6,74,,,24583.0,cfbd,2026-09-06T17:05:44.127466+00:00,2022-10-14T23:30:00.000Z
2022_CFB_W07_UTSA_FIU,30,10,-20,40,,,14122.0,cfbd,2026-09-06T17:05:44.127466+00:00,2022-10-15T00:00:00.000Z
2022_CFB_W07_MINN_ILL,14,26,12,40,,,45683.0,cfbd,2026-09-06T17:05:44.127466+00:00,2022-10-15T16:00:00.000Z
2022_CFB_W07_KU_OU,42,52,10,94,,,83874.0,cfbd,2026-09-06T17:05:44.127466+00:00,2022-10-15T16:00:00.000Z
2022_CFB_W07_CMU_AKR,28,21,-7,49,,,14814.0,cfbd,2026-09-06T17:05:44.127466+00:00,2022-10-15T16:00:00.000Z
2022_CFB_W07_ODU_CCU,49,21,-28,70,,,16814.0,cfbd,2026-09-06T17:05:44.127466+00:00,2022-10-15T16:00:00.000Z
2022_CFB_W07_MOH_BGSU,13,17,4,30,,,7841.0,cfbd,2026-09-06T17:05:44.127466+00:00,2022-10-15T16:00:00.000Z
2022_CFB_W07_AUB_MISS,34,48,14,82,,,65243.0,cfbd,2026-09-06T17:05:44.127466+00:00,2022-10-15T16:00:00.000Z
2022_CFB_W07_ISU_TEX,21,24,3,45,,,100072.0,cfbd,2026-09-06T17:05:44.127466+00:00,2022-10-15T16:00:00.000Z
2022_CFB_W07_PSU_MICH,17,41,24,58,,,110812.0,cfbd,2026-09-06T17:05:44.127466+00:00,2022-10-15T16:00:00.000Z
2022_CFB_W07_FCS2142_ARMY,17,42,25,59,,,28896.0,cfbd,2026-09-06T17:05:44.127466+00:00,2022-10-15T16:00:00.000Z
2022_CFB_W07_MIA_VT,20,14,-6,34,,,65632.0,cfbd,2026-09-06T17:05:44.127466+00:00,2022-10-15T16:30:00.000Z
2022_CFB_W07_BUF_MASS,34,7,-27,41,,,13378.0,cfbd,2026-09-06T17:05:44.127466+00:00,2022-10-15T17:00:00.000Z
2022_CFB_W07_CAL_COLO,13,20,7,33,,,50471.0,cfbd,2026-09-06T17:05:44.127466+00:00,2022-10-15T18:00:00.000Z
2022_CFB_W07_CONN_BALL,21,25,4,46,,,10006.0,cfbd,2026-09-06T17:05:44.127466+00:00,2022-10-15T18:00:00.000Z
2022_CFB_W07_VAN_UGA,0,55,55,55,,,92746.0,cfbd,2026-09-06T17:05:44.127466+00:00,2022-10-15T19:30:00.000Z
2022_CFB_W07_FCS2241_LIB,20,21,1,41,,,20924.0,cfbd,2026-09-06T17:05:44.127466+00:00,2022-10-15T19:30:00.000Z
2022_CFB_W07_NIU_EMU,39,10,-29,49,,,15100.0,cfbd,2026-09-06T17:05:44.127466+00:00,2022-10-15T19:30:00.000Z
2022_CFB_W07_KENT_TOL,31,52,21,83,,,19139.0,cfbd,2026-09-06T17:05:44.127466+00:00,2022-10-15T19:30:00.000Z
2022_CFB_W07_CLT_UAB,20,34,14,54,,,22101.0,cfbd,2026-09-06T17:05:44.127466+00:00,2022-10-15T19:30:00.000Z
2022_CFB_W07_WKU_MTSU,35,17,-18,52,,,14806.0,cfbd,2026-09-06T17:05:44.127466+00:00,2022-10-15T19:30:00.000Z
2022_CFB_W07_NCSU_SYR,9,24,15,33,,,49705.0,cfbd,2026-09-06T17:05:44.127466+00:00,2022-10-15T19:30:00.000Z
2022_CFB_W07_OKST_TCU,40,43,3,83,,,49594.0,cfbd,2026-09-06T17:05:44.127466+00:00,2022-10-15T19:30:00.000Z
2022_CFB_W07_ALA_TENN,49,52,3,101,,,101915.0,cfbd,2026-09-06T17:05:44.127466+00:00,2022-10-15T19:30:00.000Z
2022_CFB_W07_TXST_TROY,14,17,3,31,,,23480.0,cfbd,2026-09-06T17:05:44.127466+00:00,2022-10-15T19:30:00.000Z
2022_CFB_W07_ARK_BYU,52,35,-17,87,,,63470.0,cfbd,2026-09-06T17:05:44.127466+00:00,2022-10-15T19:30:00.000Z
2022_CFB_W07_OHIO_WMU,33,14,-19,47,,,20320.0,cfbd,2026-09-06T17:05:44.127466+00:00,2022-10-15T19:30:00.000Z
2022_CFB_W07_MD_IU,38,33,-5,71,,,41154.0,cfbd,2026-09-06T17:05:44.127466+00:00,2022-10-15T19:30:00.000Z
2022_CFB_W07_LT_UNT,27,47,20,74,,,16590.0,cfbd,2026-09-06T17:05:44.127466+00:00,2022-10-15T20:00:00.000Z
2022_CFB_W07_WIS_MSU,28,34,6,62,,,72526.0,cfbd,2026-09-06T17:05:44.127466+00:00,2022-10-15T20:00:00.000Z
2022_CFB_W07_TULN_USF,45,31,-14,76,,,31053.0,cfbd,2026-09-06T17:05:44.127466+00:00,2022-10-15T20:00:00.000Z
2022_CFB_W07_JMU_GASO,38,45,7,83,,,18738.0,cfbd,2026-09-06T17:05:44.127466+00:00,2022-10-15T20:00:00.000Z
2022_CFB_W07_ARIZ_WASH,39,49,10,88,,,63189.0,cfbd,2026-09-06T17:05:44.127466+00:00,2022-10-15T21:30:00.000Z
2022_CFB_W07_RICE_FAU,14,17,3,31,,,21465.0,cfbd,2026-09-06T17:05:44.127466+00:00,2022-10-15T22:00:00.000Z
2022_CFB_W07_ARST_USM,19,20,1,39,,,27042.0,cfbd,2026-09-06T17:05:44.127466+00:00,2022-10-15T23:00:00.000Z
2022_CFB_W07_LSU_FLA,45,35,-10,80,,,90585.0,cfbd,2026-09-06T17:05:44.127466+00:00,2022-10-15T23:00:00.000Z
2022_CFB_W07_ULM_USA,34,41,7,75,,,15459.0,cfbd,2026-09-06T17:05:44.127466+00:00,2022-10-15T23:00:00.000Z
2022_CFB_W07_USU_CSU,17,13,-4,30,,,35009.0,cfbd,2026-09-06T17:05:44.127466+00:00,2022-10-15T23:00:00.000Z
2022_CFB_W07_MSST_UK,17,27,10,44,,,61451.0,cfbd,2026-09-06T17:05:44.127466+00:00,2022-10-15T23:30:00.000Z
2022_CFB_W07_MEM_ECU,45,47,2,92,,,38059.0,cfbd,2026-09-06T17:05:44.127466+00:00,2022-10-15T23:30:00.000Z
2022_CFB_W07_STAN_ND,16,14,-2,30,,,77622.0,cfbd,2026-09-06T17:05:44.127466+00:00,2022-10-15T23:30:00.000Z
2022_CFB_W07_CLEM_FSU,34,28,-6,62,,,71098.0,cfbd,2026-09-06T17:05:44.127466+00:00,2022-10-15T23:30:00.000Z
2022_CFB_W07_NEB_PUR,37,43,6,80,,,61320.0,cfbd,2026-09-06T17:05:44.127466+00:00,2022-10-15T23:30:00.000Z
2022_CFB_W07_UNM_NMSU,9,21,12,30,,,,cfbd,2026-09-06T17:05:44.127466+00:00,2022-10-16T00:00:00.000Z
2022_CFB_W07_USC_UTAH,42,43,1,85,,,53609.0,cfbd,2026-09-06T17:05:44.127466+00:00,2022-10-16T00:00:00.000Z
2022_CFB_W07_UNC_DUKE,38,35,-3,73,,,40004.0,cfbd,2026-09-06T17:05:44.127466+00:00,2022-10-16T00:00:00.000Z
2022_CFB_W07_WSU_ORST,10,24,14,34,,,53609.0,cfbd,2026-09-06T17:05:44.127466+00:00,2022-10-16T01:00:00.000Z
2022_CFB_W07_AF_UNLV,42,7,-35,49,,,23847.0,cfbd,2026-09-06T17:05:44.127466+00:00,2022-10-16T02:30:00.000Z
2022_CFB_W07_SJSU_FRES,10,17,7,27,,,41031.0,cfbd,2026-09-06T17:05:44.127466+00:00,2022-10-16T02:45:00.000Z
2022_CFB_W07_NEV_HAW,16,31,15,47,,,9231.0,cfbd,2026-09-06T17:05:44.127466+00:00,2022-10-16T03:59:00.000Z
2022_CFB_W08_GAST_APP,17,42,25,59,,,31757.0,cfbd,2026-09-06T17:05:44.127466+00:00,2022-10-19T23:30:00.000Z
2022_CFB_W08_UVA_GT,16,9,-7,25,,,29362.0,cfbd,2026-09-06T17:05:44.127466+00:00,2022-10-20T23:30:00.000Z
2022_CFB_W08_TROY_USA,10,6,-4,16,,,,cfbd,2026-09-06T17:05:44.127466+00:00,2022-10-20T23:30:00.000Z
2022_CFB_W08_TLSA_TEM,27,16,-11,43,,,13607.0,cfbd,2026-09-06T17:05:44.127466+00:00,2022-10-21T23:30:00.000Z
2022_CFB_W08_UAB_WKU,17,20,3,37,,,16334.0,cfbd,2026-09-06T17:05:44.127466+00:00,2022-10-22T00:00:00.000Z
2022_CFB_W08_SYR_CLEM,21,27,6,48,,,81500.0,cfbd,2026-09-06T17:05:44.127466+00:00,2022-10-22T16:00:00.000Z
2022_CFB_W08_AKR_KENT,27,33,6,60,,,20472.0,cfbd,2026-09-06T17:05:44.127466+00:00,2022-10-22T16:00:00.000Z
2022_CFB_W08_CIN_SMU,29,27,-2,56,,,23566.0,cfbd,2026-09-06T17:05:44.127466+00:00,2022-10-22T16:00:00.000Z
2022_CFB_W08_FCS2630_TENN,24,65,41,89,,,101915.0,cfbd,2026-09-06T17:05:44.127466+00:00,2022-10-22T16:00:00.000Z
2022_CFB_W08_ULM_ARMY,24,48,24,72,,,30132.0,cfbd,2026-09-06T17:05:44.127466+00:00,2022-10-22T16:00:00.000Z
2022_CFB_W08_IOWA_OSU,10,54,44,64,,,104848.0,cfbd,2026-09-06T17:05:44.127466+00:00,2022-10-22T16:00:00.000Z
2022_CFB_W08_IU_RUTG,17,24,7,41,,,43255.0,cfbd,2026-09-06T17:05:44.127466+00:00,2022-10-22T16:00:00.000Z
2022_CFB_W08_HOU_NAVY,38,20,-18,58,,,32443.0,cfbd,2026-09-06T17:05:44.127466+00:00,2022-10-22T16:00:00.000Z
2022_CFB_W08_KU_BAY,23,35,12,58,,,45882.0,cfbd,2026-09-06T17:05:44.127466+00:00,2022-10-22T16:00:00.000Z
2022_CFB_W08_DUKE_MIA,45,21,-24,66,,,57421.0,cfbd,2026-09-06T17:05:44.127466+00:00,2022-10-22T16:30:00.000Z
2022_CFB_W08_BGSU_CMU,34,18,-16,52,,,14676.0,cfbd,2026-09-06T17:05:44.127466+00:00,2022-10-22T17:00:00.000Z
2022_CFB_W08_TOL_BUF,27,34,7,61,,,14190.0,cfbd,2026-09-06T17:05:44.127466+00:00,2022-10-22T17:00:00.000Z
2022_CFB_W08_EMU_BALL,20,16,-4,36,,,15698.0,cfbd,2026-09-06T17:05:44.127466+00:00,2022-10-22T18:00:00.000Z
2022_CFB_W08_NIU_OHIO,17,24,7,41,,,15922.0,cfbd,2026-09-06T17:05:44.127466+00:00,2022-10-22T18:00:00.000Z
2022_CFB_W08_UNLV_ND,21,44,23,65,,,73165.0,cfbd,2026-09-06T17:05:44.127466+00:00,2022-10-22T18:30:00.000Z
2022_CFB_W08_RICE_LT,42,41,-1,83,,,18300.0,cfbd,2026-09-06T17:05:44.127466+00:00,2022-10-22T19:00:00.000Z
2022_CFB_W08_WVU_TTU,10,48,38,58,,,56530.0,cfbd,2026-09-06T17:05:44.127466+00:00,2022-10-22T19:00:00.000Z
2022_CFB_W08_TEX_OKST,34,41,7,75,,,55509.0,cfbd,2026-09-06T17:05:44.127466+00:00,2022-10-22T19:30:00.000Z
2022_CFB_W08_MRSH_JMU,26,12,-14,38,,,26159.0,cfbd,2026-09-06T17:05:44.127466+00:00,2022-10-22T19:30:00.000Z
2022_CFB_W08_BYU_LIB,14,41,27,55,,,24012.0,cfbd,2026-09-06T17:05:44.127466+00:00,2022-10-22T19:30:00.000Z
2022_CFB_W08_UNT_UTSA,27,31,4,58,,,27122.0,cfbd,2026-09-06T17:05:44.127466+00:00,2022-10-22T19:30:00.000Z
2022_CFB_W08_UCLA_ORE,30,45,15,75,,,59962.0,cfbd,2026-09-06T17:05:44.127466+00:00,2022-10-22T19:30:00.000Z
2022_CFB_W08_PUR_WIS,24,35,11,59,,,,cfbd,2026-09-06T17:05:44.127466+00:00,2022-10-22T19:30:00.000Z
2022_CFB_W08_NU_MD,24,31,7,55,,,31418.0,cfbd,2026-09-06T17:05:44.127466+00:00,2022-10-22T19:30:00.000Z
2022_CFB_W08_BC_WAKE,15,43,28,58,,,28530.0,cfbd,2026-09-06T17:05:44.127466+00:00,2022-10-22T19:30:00.000Z
2022_CFB_W08_MEM_TULN,28,38,10,66,,,30100.0,cfbd,2026-09-06T17:05:44.127466+00:00,2022-10-22T19:30:00.000Z
2022_CFB_W08_FIU_CLT,34,15,-19,49,,,10576.0,cfbd,2026-09-06T17:05:44.127466+00:00,2022-10-22T19:30:00.000Z
2022_CFB_W08_WMU_MOH,16,10,-6,26,,,21618.0,cfbd,2026-09-06T17:05:44.127466+00:00,2022-10-22T19:30:00.000Z
2022_CFB_W08_MISS_LSU,20,45,25,65,,,100821.0,cfbd,2026-09-06T17:05:44.127466+00:00,2022-10-22T19:30:00.000Z
2022_CFB_W08_GASO_ODU,28,23,-5,51,,,20162.0,cfbd,2026-09-06T17:05:44.127466+00:00,2022-10-22T19:30:00.000Z
2022_CFB_W08_HAW_CSU,13,17,4,30,,,22843.0,cfbd,2026-09-06T17:05:44.127466+00:00,2022-10-22T20:00:00.000Z
2022_CFB_W08_FAU_UTEP,21,24,3,45,,,12796.0,cfbd,2026-09-06T17:05:44.127466+00:00,2022-10-22T20:00:00.000Z
2022_CFB_W08_VAN_MIZ,14,17,3,31,,,60618.0,cfbd,2026-09-06T17:05:44.127466+00:00,2022-10-22T20:00:00.000Z
2022_CFB_W08_ASU_STAN,14,15,1,29,,,25061.0,cfbd,2026-09-06T17:05:44.127466+00:00,2022-10-22T20:00:00.000Z
2022_CFB_W08_USM_TXST,20,14,-6,34,,,16318.0,cfbd,2026-09-06T17:05:44.127466+00:00,2022-10-22T21:00:00.000Z
2022_CFB_W08_ARST_UL,18,38,20,56,,,15017.0,cfbd,2026-09-06T17:05:44.127466+00:00,2022-10-22T21:00:00.000Z
2022_CFB_W08_FRES_UNM,41,9,-32,50,,,14667.0,cfbd,2026-09-06T17:05:44.127466+00:00,2022-10-22T22:30:00.000Z
2022_CFB_W08_MSST_ALA,6,30,24,36,,,100077.0,cfbd,2026-09-06T17:05:44.127466+00:00,2022-10-22T23:00:00.000Z
2022_CFB_W08_BOIS_AF,19,14,-5,33,,,25254.0,cfbd,2026-09-06T17:05:44.127466+00:00,2022-10-22T23:00:00.000Z
2022_CFB_W08_TAM_SC,24,30,6,54,,,77837.0,cfbd,2026-09-06T17:05:44.127466+00:00,2022-10-22T23:30:00.000Z
2022_CFB_W08_MINN_PSU,17,45,28,62,,,109813.0,cfbd,2026-09-06T17:05:44.127466+00:00,2022-10-22T23:30:00.000Z
2022_CFB_W08_UCF_ECU,13,34,21,47,,,38245.0,cfbd,2026-09-06T17:05:44.127466+00:00,2022-10-22T23:30:00.000Z
2022_CFB_W08_PITT_LOU,10,24,14,34,,,41840.0,cfbd,2026-09-06T17:05:44.127466+00:00,2022-10-23T00:00:00.000Z
2022_CFB_W08_KSU_TCU,28,38,10,66,,,47881.0,cfbd,2026-09-06T17:05:44.127466+00:00,2022-10-23T00:00:00.000Z
2022_CFB_W08_COLO_ORST,9,42,33,51,,,27679.0,cfbd,2026-09-06T17:05:44.127466+00:00,2022-10-23T00:00:00.000Z
2022_CFB_W08_USU_WYO,14,28,14,42,,,21420.0,cfbd,2026-09-06T17:05:44.127466+00:00,2022-10-23T01:45:00.000Z
2022_CFB_W08_SDSU_NEV,23,7,-16,30,,,16363.0,cfbd,2026-09-06T17:05:44.127466+00:00,2022-10-23T02:30:00.000Z
2022_CFB_W08_WASH_CAL,28,21,-7,49,,,34601.0,cfbd,2026-09-06T17:05:44.127466+00:00,2022-10-23T02:30:00.000Z
2022_CFB_W09_VT_NCSU,21,22,1,43,,,56919.0,cfbd,2026-09-06T17:05:44.127466+00:00,2022-10-27T23:30:00.000Z
2022_CFB_W09_UL_USM,24,39,15,63,,,27332.0,cfbd,2026-09-06T17:05:44.127466+00:00,2022-10-27T23:30:00.000Z
2022_CFB_W09_UTAH_WSU,21,17,-4,38,,,21179.0,cfbd,2026-09-06T17:05:44.127466+00:00,2022-10-28T02:00:00.000Z
2022_CFB_W09_ECU_BYU,27,24,-3,51,,,55525.0,cfbd,2026-09-06T17:05:44.127466+00:00,2022-10-29T00:00:00.000Z
2022_CFB_W09_LT_FIU,34,42,8,76,,,12478.0,cfbd,2026-09-06T17:05:44.127466+00:00,2022-10-29T00:00:00.000Z
2022_CFB_W09_OSU_PSU,44,31,-13,75,,,108433.0,cfbd,2026-09-06T17:05:44.127466+00:00,2022-10-29T16:00:00.000Z
2022_CFB_W09_USF_HOU,27,42,15,69,,,24228.0,cfbd,2026-09-06T17:05:44.127466+00:00,2022-10-29T16:00:00.000Z
2022_CFB_W09_GT_FSU,16,41,25,57,,,61007.0,cfbd,2026-09-06T17:05:44.127466+00:00,2022-10-29T16:00:00.000Z
2022_CFB_W09_TOL_EMU,27,24,-3,51,,,14270.0,cfbd,2026-09-06T17:05:44.127466+00:00,2022-10-29T16:00:00.000Z
2022_CFB_W09_ARK_AUB,41,27,-14,68,,,83792.0,cfbd,2026-09-06T17:05:44.127466+00:00,2022-10-29T16:00:00.000Z
2022_CFB_W09_ND_SYR,41,24,-17,65,,,49861.0,cfbd,2026-09-06T17:05:44.127466+00:00,2022-10-29T16:00:00.000Z
2022_CFB_W09_BC_CONN,3,13,10,16,,,25527.0,cfbd,2026-09-06T17:05:44.127466+00:00,2022-10-29T16:00:00.000Z
2022_CFB_W09_MOH_AKR,27,9,-18,36,,,11749.0,cfbd,2026-09-06T17:05:44.127466+00:00,2022-10-29T16:00:00.000Z
2022_CFB_W09_TCU_WVU,41,31,-10,72,,,50426.0,cfbd,2026-09-06T17:05:44.127466+00:00,2022-10-29T16:00:00.000Z
2022_CFB_W09_OU_ISU,27,13,-14,40,,,58716.0,cfbd,2026-09-06T17:05:44.127466+00:00,2022-10-29T16:00:00.000Z
2022_CFB_W09_MIA_UVA,14,12,-2,26,,,43714.0,cfbd,2026-09-06T17:05:44.127466+00:00,2022-10-29T16:30:00.000Z
2022_CFB_W09_CLT_RICE,56,23,-33,79,,,18187.0,cfbd,2026-09-06T17:05:44.127466+00:00,2022-10-29T18:00:00.000Z
2022_CFB_W09_RUTG_MINN,0,31,31,31,,,49368.0,cfbd,2026-09-06T17:05:44.127466+00:00,2022-10-29T18:30:00.000Z
2022_CFB_W09_ODU_GAST,17,31,14,48,,,16203.0,cfbd,2026-09-06T17:05:44.127466+00:00,2022-10-29T19:00:00.000Z
2022_CFB_W09_TEM_NAVY,20,27,7,47,,,31141.0,cfbd,2026-09-06T17:05:44.127466+00:00,2022-10-29T19:30:00.000Z
2022_CFB_W09_CIN_UCF,21,25,4,46,,,44313.0,cfbd,2026-09-06T17:05:44.127466+00:00,2022-10-29T19:30:00.000Z
2022_CFB_W09_UNT_WKU,40,13,-27,53,,,17194.0,cfbd,2026-09-06T17:05:44.127466+00:00,2022-10-29T19:30:00.000Z
2022_CFB_W09_NMSU_MASS,23,13,-10,36,,,9274.0,cfbd,2026-09-06T17:05:44.127466+00:00,2022-10-29T19:30:00.000Z
2022_CFB_W09_NU_IOWA,13,33,20,46,,,69250.0,cfbd,2026-09-06T17:05:44.127466+00:00,2022-10-29T19:30:00.000Z
2022_CFB_W09_ILL_NEB,26,9,-17,35,,,86691.0,cfbd,2026-09-06T17:05:44.127466+00:00,2022-10-29T19:30:00.000Z
2022_CFB_W09_FLA_UGA,20,42,22,62,,,75868.0,cfbd,2026-09-06T17:05:44.127466+00:00,2022-10-29T19:30:00.000Z
2022_CFB_W09_ORE_CAL,42,24,-18,66,,,37077.0,cfbd,2026-09-06T17:05:44.127466+00:00,2022-10-29T19:30:00.000Z
2022_CFB_W09_OKST_KSU,0,48,48,48,,,51133.0,cfbd,2026-09-06T17:05:44.127466+00:00,2022-10-29T19:30:00.000Z
2022_CFB_W09_WAKE_LOU,21,48,27,69,,,39503.0,cfbd,2026-09-06T17:05:44.127466+00:00,2022-10-29T19:30:00.000Z
2022_CFB_W09_SMU_TLSA,45,34,-11,79,,,22993.0,cfbd,2026-09-06T17:05:44.127466+00:00,2022-10-29T19:30:00.000Z
2022_CFB_W09_FCS2523_APP,3,42,39,45,,,32501.0,cfbd,2026-09-06T17:05:44.127466+00:00,2022-10-29T19:30:00.000Z
2022_CFB_W09_MIZ_SC,23,10,-13,33,,,77578.0,cfbd,2026-09-06T17:05:44.127466+00:00,2022-10-29T20:00:00.000Z
2022_CFB_W09_USA_ARST,31,3,-28,34,,,11714.0,cfbd,2026-09-06T17:05:44.127466+00:00,2022-10-29T20:00:00.000Z
2022_CFB_W09_CCU_MRSH,24,13,-11,37,,,24954.0,cfbd,2026-09-06T17:05:44.127466+00:00,2022-10-29T23:00:00.000Z
2022_CFB_W09_UAB_FAU,17,24,7,41,,,16138.0,cfbd,2026-09-06T17:05:44.127466+00:00,2022-10-29T23:00:00.000Z
2022_CFB_W09_UK_TENN,6,44,38,50,,,101915.0,cfbd,2026-09-06T17:05:44.127466+00:00,2022-10-29T23:00:00.000Z
2022_CFB_W09_CSU_BOIS,10,49,39,59,,,33895.0,cfbd,2026-09-06T17:05:44.127466+00:00,2022-10-29T23:00:00.000Z
2022_CFB_W09_USC_ARIZ,45,37,-8,82,,,44006.0,cfbd,2026-09-06T17:05:44.127466+00:00,2022-10-29T23:00:00.000Z
2022_CFB_W09_MSU_MICH,7,29,22,36,,,111083.0,cfbd,2026-09-06T17:05:44.127466+00:00,2022-10-29T23:30:00.000Z
2022_CFB_W09_MISS_TAM,31,28,-3,59,,,101084.0,cfbd,2026-09-06T17:05:44.127466+00:00,2022-10-29T23:30:00.000Z
2022_CFB_W09_BAY_TTU,45,17,-28,62,,,60705.0,cfbd,2026-09-06T17:05:44.127466+00:00,2022-10-29T23:30:00.000Z
2022_CFB_W09_ASU_COLO,42,34,-8,76,,,40334.0,cfbd,2026-09-06T17:05:44.127466+00:00,2022-10-29T23:30:00.000Z
2022_CFB_W09_PITT_UNC,24,42,18,66,,,50500.0,cfbd,2026-09-06T17:05:44.127466+00:00,2022-10-30T00:00:00.000Z
2022_CFB_W09_MTSU_UTEP,24,13,-11,37,,,10727.0,cfbd,2026-09-06T17:05:44.127466+00:00,2022-10-30T01:00:00.000Z
2022_CFB_W09_NEV_SJSU,28,35,7,63,,,17117.0,cfbd,2026-09-06T17:05:44.127466+00:00,2022-10-30T02:30:00.000Z
2022_CFB_W09_SDSU_FRES,28,32,4,60,,,37107.0,cfbd,2026-09-06T17:05:44.127466+00:00,2022-10-30T02:30:00.000Z
2022_CFB_W09_STAN_UCLA,13,38,25,51,,,43850.0,cfbd,2026-09-06T17:05:44.127466+00:00,2022-10-30T02:30:00.000Z
2022_CFB_W09_WYO_HAW,27,20,-7,47,,,9346.0,cfbd,2026-09-06T17:05:44.127466+00:00,2022-10-30T03:59:00.000Z
2022_CFB_W10_BALL_KENT,27,20,-7,47,,,6455.0,cfbd,2026-09-06T17:05:44.127466+00:00,2022-11-01T23:00:00.000Z
2022_CFB_W10_BUF_OHIO,24,45,21,69,,,16401.0,cfbd,2026-09-06T17:05:44.127466+00:00,2022-11-01T23:30:00.000Z
2022_CFB_W10_CMU_NIU,35,22,-13,57,,,6055.0,cfbd,2026-09-06T17:05:44.127466+00:00,2022-11-02T23:00:00.000Z
2022_CFB_W10_WMU_BGSU,9,13,4,22,,,7589.0,cfbd,2026-09-06T17:05:44.127466+00:00,2022-11-02T23:00:00.000Z
2022_CFB_W10_UTEP_RICE,30,37,7,67,,,18326.0,cfbd,2026-09-06T17:05:44.127466+00:00,2022-11-03T23:00:00.000Z
2022_CFB_W10_APP_CCU,28,35,7,63,,,,cfbd,2026-09-06T17:05:44.127466+00:00,2022-11-03T23:30:00.000Z
2022_CFB_W10_DUKE_BC,38,31,-7,69,,,34092.0,cfbd,2026-09-06T17:05:44.127466+00:00,2022-11-04T23:00:00.000Z
2022_CFB_W10_MASS_CONN,10,27,17,37,,,23430.0,cfbd,2026-09-06T17:05:44.127466+00:00,2022-11-04T23:00:00.000Z
2022_CFB_W10_ORST_WASH,21,24,3,45,,,62142.0,cfbd,2026-09-06T17:05:44.127466+00:00,2022-11-05T02:30:00.000Z
2022_CFB_W10_AF_ARMY,13,7,-6,20,,,33912.0,cfbd,2026-09-06T17:05:44.127466+00:00,2022-11-05T15:30:00.000Z
2022_CFB_W10_MINN_NEB,20,13,-7,33,,,86284.0,cfbd,2026-09-06T17:05:44.127466+00:00,2022-11-05T16:00:00.000Z
2022_CFB_W10_UNC_UVA,31,28,-3,59,,,44156.0,cfbd,2026-09-06T17:05:44.127466+00:00,2022-11-05T16:00:00.000Z
2022_CFB_W10_OSU_NU,21,7,-14,28,,,42774.0,cfbd,2026-09-06T17:05:44.127466+00:00,2022-11-05T16:00:00.000Z
2022_CFB_W10_IOWA_PUR,24,3,-21,27,,,61320.0,cfbd,2026-09-06T17:05:44.127466+00:00,2022-11-05T16:00:00.000Z
2022_CFB_W10_TULN_TLSA,27,13,-14,40,,,15122.0,cfbd,2026-09-06T17:05:44.127466+00:00,2022-11-05T16:00:00.000Z
2022_CFB_W10_WKU_CLT,59,7,-52,66,,,10857.0,cfbd,2026-09-06T17:05:44.127466+00:00,2022-11-05T16:00:00.000Z
2022_CFB_W10_TTU_TCU,24,34,10,58,,,44760.0,cfbd,2026-09-06T17:05:44.127466+00:00,2022-11-05T16:00:00.000Z
2022_CFB_W10_MD_WIS,10,23,13,33,,,74057.0,cfbd,2026-09-06T17:05:44.127466+00:00,2022-11-05T16:00:00.000Z
2022_CFB_W10_FLA_TAM,41,24,-17,65,,,97797.0,cfbd,2026-09-06T17:05:44.127466+00:00,2022-11-05T16:00:00.000Z
2022_CFB_W10_UK_MIZ,21,17,-4,38,,,61047.0,cfbd,2026-09-06T17:05:44.127466+00:00,2022-11-05T16:00:00.000Z
2022_CFB_W10_GT_VT,28,27,-1,55,,,62843.0,cfbd,2026-09-06T17:05:44.127466+00:00,2022-11-05T16:30:00.000Z
2022_CFB_W10_MRSH_ODU,12,0,-12,12,,,18327.0,cfbd,2026-09-06T17:05:44.127466+00:00,2022-11-05T18:00:00.000Z
2022_CFB_W10_USF_TEM,28,54,26,82,,,13862.0,cfbd,2026-09-06T17:05:44.127466+00:00,2022-11-05T18:00:00.000Z
2022_CFB_W10_MTSU_LT,24,40,16,64,,,14298.0,cfbd,2026-09-06T17:05:44.127466+00:00,2022-11-05T19:00:00.000Z
2022_CFB_W10_BAY_OU,38,35,-3,73,,,83546.0,cfbd,2026-09-06T17:05:44.127466+00:00,2022-11-05T19:00:00.000Z
2022_CFB_W10_GAST_USM,42,14,-28,56,,,22128.0,cfbd,2026-09-06T17:05:44.127466+00:00,2022-11-05T19:00:00.000Z
2022_CFB_W10_ORE_COLO,49,10,-39,59,,,42089.0,cfbd,2026-09-06T17:05:44.127466+00:00,2022-11-05T19:30:00.000Z
2022_CFB_W10_OKST_KU,16,37,21,53,,,43606.0,cfbd,2026-09-06T17:05:44.127466+00:00,2022-11-05T19:30:00.000Z
2022_CFB_W10_WVU_ISU,14,31,17,45,,,56109.0,cfbd,2026-09-06T17:05:44.127466+00:00,2022-11-05T19:30:00.000Z
2022_CFB_W10_UCF_MEM,35,28,-7,63,,,28048.0,cfbd,2026-09-06T17:05:44.127466+00:00,2022-11-05T19:30:00.000Z
2022_CFB_W10_SYR_PITT,9,19,10,28,,,50888.0,cfbd,2026-09-06T17:05:44.127466+00:00,2022-11-05T19:30:00.000Z
2022_CFB_W10_TENN_UGA,13,27,14,40,,,92746.0,cfbd,2026-09-06T17:05:44.127466+00:00,2022-11-05T19:30:00.000Z
2022_CFB_W10_WSU_STAN,52,14,-38,66,,,26515.0,cfbd,2026-09-06T17:05:44.127466+00:00,2022-11-05T19:30:00.000Z
2022_CFB_W10_UNM_USU,10,27,17,37,,,14154.0,cfbd,2026-09-06T17:05:44.127466+00:00,2022-11-05T19:30:00.000Z
2022_CFB_W10_UTSA_UAB,44,38,-6,82,,,17205.0,cfbd,2026-09-06T17:05:44.127466+00:00,2022-11-05T19:30:00.000Z
2022_CFB_W10_MSU_ILL,23,15,-8,38,,,56092.0,cfbd,2026-09-06T17:05:44.127466+00:00,2022-11-05T19:30:00.000Z
2022_CFB_W10_PSU_IU,45,14,-31,59,,,45142.0,cfbd,2026-09-06T17:05:44.127466+00:00,2022-11-05T19:30:00.000Z
2022_CFB_W10_NAVY_CIN,10,20,10,30,,,38461.0,cfbd,2026-09-06T17:05:44.127466+00:00,2022-11-05T20:00:00.000Z
2022_CFB_W10_USA_GASO,38,31,-7,69,,,17084.0,cfbd,2026-09-06T17:05:44.127466+00:00,2022-11-05T20:00:00.000Z
2022_CFB_W10_FIU_UNT,14,52,38,66,,,22308.0,cfbd,2026-09-06T17:05:44.127466+00:00,2022-11-05T20:00:00.000Z
2022_CFB_W10_LIB_ARK,21,19,-2,40,,,70072.0,cfbd,2026-09-06T17:05:44.127466+00:00,2022-11-05T20:00:00.000Z
2022_CFB_W10_TROY_UL,23,17,-6,40,,,7888.0,cfbd,2026-09-06T17:05:44.127466+00:00,2022-11-05T21:00:00.000Z
2022_CFB_W10_TXST_ULM,30,31,1,61,,,11376.0,cfbd,2026-09-06T17:05:44.127466+00:00,2022-11-05T21:00:00.000Z
2022_CFB_W10_ALA_LSU,31,32,1,63,,,102321.0,cfbd,2026-09-06T17:05:44.127466+00:00,2022-11-05T23:00:00.000Z
2022_CFB_W10_HOU_SMU,63,77,14,140,,,23841.0,cfbd,2026-09-06T17:05:44.127466+00:00,2022-11-05T23:00:00.000Z
2022_CFB_W10_TEX_KSU,34,27,-7,61,,,51216.0,cfbd,2026-09-06T17:05:44.127466+00:00,2022-11-05T23:00:00.000Z
2022_CFB_W10_BYU_BOIS,31,28,-3,59,,,36461.0,cfbd,2026-09-06T17:05:44.127466+00:00,2022-11-05T23:00:00.000Z
2022_CFB_W10_UNLV_SDSU,10,14,4,24,,,28854.0,cfbd,2026-09-06T17:05:44.127466+00:00,2022-11-05T23:00:00.000Z
2022_CFB_W10_SC_VAN,38,27,-11,65,,,28553.0,cfbd,2026-09-06T17:05:44.127466+00:00,2022-11-05T23:30:00.000Z
2022_CFB_W10_AUB_MSST,33,39,6,72,,,54769.0,cfbd,2026-09-06T17:05:44.127466+00:00,2022-11-05T23:30:00.000Z
2022_CFB_W10_JMU_LOU,10,34,24,44,,,42157.0,cfbd,2026-09-06T17:05:44.127466+00:00,2022-11-05T23:30:00.000Z
2022_CFB_W10_MICH_RUTG,52,17,-35,69,,,51117.0,cfbd,2026-09-06T17:05:44.127466+00:00,2022-11-05T23:30:00.000Z
2022_CFB_W10_CLEM_ND,14,35,21,49,,,77622.0,cfbd,2026-09-06T17:05:44.127466+00:00,2022-11-05T23:30:00.000Z
2022_CFB_W10_ARIZ_UTAH,20,45,25,65,,,51919.0,cfbd,2026-09-06T17:05:44.127466+00:00,2022-11-05T23:30:00.000Z
2022_CFB_W10_FSU_MIA,45,3,-42,48,,,66200.0,cfbd,2026-09-06T17:05:44.127466+00:00,2022-11-05T23:30:00.000Z
2022_CFB_W10_WAKE_NCSU,21,30,9,51,,,56919.0,cfbd,2026-09-06T17:05:44.127466+00:00,2022-11-06T00:00:00.000Z
2022_CFB_W10_CAL_USC,35,41,6,76,,,64916.0,cfbd,2026-09-06T17:05:44.127466+00:00,2022-11-06T02:30:00.000Z
2022_CFB_W10_CSU_SJSU,16,28,12,44,,,16382.0,cfbd,2026-09-06T17:05:44.127466+00:00,2022-11-06T02:30:00.000Z
2022_CFB_W10_HAW_FRES,13,55,42,68,,,39005.0,cfbd,2026-09-06T17:05:44.127466+00:00,2022-11-06T02:30:00.000Z
2022_CFB_W10_UCLA_ASU,50,36,-14,86,,,51265.0,cfbd,2026-09-06T17:05:44.127466+00:00,2022-11-06T02:30:00.000Z
2022_CFB_W11_EMU_AKR,34,28,-6,62,,,12589.0,cfbd,2026-09-06T17:05:44.127466+00:00,2022-11-09T00:00:00.000Z
2022_CFB_W11_OHIO_MOH,37,21,-16,58,,,15490.0,cfbd,2026-09-06T17:05:44.127466+00:00,2022-11-09T00:30:00.000Z
2022_CFB_W11_BALL_TOL,21,28,7,49,,,14462.0,cfbd,2026-09-06T17:05:44.127466+00:00,2022-11-09T01:00:00.000Z
2022_CFB_W11_BUF_CMU,27,31,4,58,,,9103.0,cfbd,2026-09-06T17:05:44.127466+00:00,2022-11-10T00:00:00.000Z
2022_CFB_W11_NIU_WMU,24,21,-3,45,,,,cfbd,2026-09-06T17:05:44.127466+00:00,2022-11-10T00:00:00.000Z
2022_CFB_W11_KENT_BGSU,40,6,-34,46,,,7291.0,cfbd,2026-09-06T17:05:44.127466+00:00,2022-11-10T00:00:00.000Z
2022_CFB_W11_GASO_UL,17,36,19,53,,,11512.0,cfbd,2026-09-06T17:05:44.127466+00:00,2022-11-11T00:30:00.000Z
2022_CFB_W11_TLSA_MEM,10,26,16,36,,,23980.0,cfbd,2026-09-06T17:05:44.127466+00:00,2022-11-11T00:30:00.000Z
2022_CFB_W11_ECU_CIN,25,27,2,52,,,38199.0,cfbd,2026-09-06T17:05:44.127466+00:00,2022-11-12T01:00:00.000Z
2022_CFB_W11_COLO_USC,17,55,38,72,,,61206.0,cfbd,2026-09-06T17:05:44.127466+00:00,2022-11-12T02:30:00.000Z
2022_CFB_W11_FRES_UNLV,37,30,-7,67,,,23146.0,cfbd,2026-09-06T17:05:44.127466+00:00,2022-11-12T03:30:00.000Z
2022_CFB_W11_LSU_ARK,13,10,-3,23,,,73750.0,cfbd,2026-09-06T17:05:44.127466+00:00,2022-11-12T17:00:00.000Z
2022_CFB_W11_SMU_USF,41,23,-18,64,,,24907.0,cfbd,2026-09-06T17:05:44.127466+00:00,2022-11-12T17:00:00.000Z
2022_CFB_W11_PUR_ILL,31,24,-7,55,,,45574.0,cfbd,2026-09-06T17:05:44.127466+00:00,2022-11-12T17:00:00.000Z
2022_CFB_W11_LIB_CONN,33,36,3,69,,,15107.0,cfbd,2026-09-06T17:05:44.127466+00:00,2022-11-12T17:00:00.000Z
2022_CFB_W11_MIZ_TENN,24,66,42,90,,,101915.0,cfbd,2026-09-06T17:05:44.127466+00:00,2022-11-12T17:00:00.000Z
2022_CFB_W11_VAN_UK,24,21,-3,45,,,57474.0,cfbd,2026-09-06T17:05:44.127466+00:00,2022-11-12T17:00:00.000Z
2022_CFB_W11_VT_DUKE,7,24,17,31,,,20857.0,cfbd,2026-09-06T17:05:44.127466+00:00,2022-11-12T17:00:00.000Z
2022_CFB_W11_OU_WVU,20,23,3,43,,,50281.0,cfbd,2026-09-06T17:05:44.127466+00:00,2022-11-12T17:00:00.000Z
2022_CFB_W11_PITT_UVA,37,7,-30,44,,,36529.0,cfbd,2026-09-06T17:05:44.127466+00:00,2022-11-12T17:00:00.000Z
2022_CFB_W11_IU_OSU,14,56,42,70,,,103888.0,cfbd,2026-09-06T17:05:44.127466+00:00,2022-11-12T17:00:00.000Z
2022_CFB_W11_RUTG_MSU,21,27,6,48,,,63267.0,cfbd,2026-09-06T17:05:44.127466+00:00,2022-11-12T17:00:00.000Z
2022_CFB_W11_ND_NAVY,35,32,-3,67,,,62124.0,cfbd,2026-09-06T17:05:44.127466+00:00,2022-11-12T17:00:00.000Z
2022_CFB_W11_JMU_ODU,37,3,-34,40,,,21934.0,cfbd,2026-09-06T17:05:44.127466+00:00,2022-11-12T18:00:00.000Z
2022_CFB_W11_ULM_GAST,31,28,-3,59,,,12241.0,cfbd,2026-09-06T17:05:44.127466+00:00,2022-11-12T18:00:00.000Z
2022_CFB_W11_RICE_WKU,10,45,35,55,,,10127.0,cfbd,2026-09-06T17:05:44.127466+00:00,2022-11-12T19:00:00.000Z
2022_CFB_W11_FCS2320_NMSU,14,51,37,65,,,8367.0,cfbd,2026-09-06T17:05:44.127466+00:00,2022-11-12T19:00:00.000Z
2022_CFB_W11_TEM_HOU,36,43,7,79,,,21731.0,cfbd,2026-09-06T17:05:44.127466+00:00,2022-11-12T20:00:00.000Z
2022_CFB_W11_MASS_ARST,33,35,2,68,,,14354.0,cfbd,2026-09-06T17:05:44.127466+00:00,2022-11-12T20:00:00.000Z
2022_CFB_W11_MIA_GT,35,14,-21,49,,,33857.0,cfbd,2026-09-06T17:05:44.127466+00:00,2022-11-12T20:30:00.000Z
2022_CFB_W11_CLT_MTSU,14,24,10,38,,,9806.0,cfbd,2026-09-06T17:05:44.127466+00:00,2022-11-12T20:30:00.000Z
2022_CFB_W11_UNM_AF,3,35,32,38,,,20827.0,cfbd,2026-09-06T17:05:44.127466+00:00,2022-11-12T20:30:00.000Z
2022_CFB_W11_UCF_TULN,38,31,-7,69,,,27317.0,cfbd,2026-09-06T17:05:44.127466+00:00,2022-11-12T20:30:00.000Z
2022_CFB_W11_BC_NCSU,21,20,-1,41,,,56919.0,cfbd,2026-09-06T17:05:44.127466+00:00,2022-11-12T20:30:00.000Z
2022_CFB_W11_UNT_UAB,21,41,20,62,,,18504.0,cfbd,2026-09-06T17:05:44.127466+00:00,2022-11-12T20:30:00.000Z
2022_CFB_W11_ARMY_TROY,9,10,1,19,,,31010.0,cfbd,2026-09-06T17:05:44.127466+00:00,2022-11-12T20:30:00.000Z
2022_CFB_W11_MD_PSU,0,30,30,30,,,108796.0,cfbd,2026-09-06T17:05:44.127466+00:00,2022-11-12T20:30:00.000Z
2022_CFB_W11_ASU_WSU,18,28,10,46,,,24039.0,cfbd,2026-09-06T17:05:44.127466+00:00,2022-11-12T20:30:00.000Z
2022_CFB_W11_APP_MRSH,21,28,7,49,,,24312.0,cfbd,2026-09-06T17:05:44.127466+00:00,2022-11-12T20:30:00.000Z
2022_CFB_W11_LOU_CLEM,16,31,15,47,,,80176.0,cfbd,2026-09-06T17:05:44.127466+00:00,2022-11-12T20:30:00.000Z
2022_CFB_W11_NEB_MICH,3,34,31,37,,,110192.0,cfbd,2026-09-06T17:05:44.127466+00:00,2022-11-12T20:30:00.000Z
2022_CFB_W11_WIS_IOWA,10,24,14,34,,,69250.0,cfbd,2026-09-06T17:05:44.127466+00:00,2022-11-12T20:30:00.000Z
2022_CFB_W11_LT_UTSA,7,51,44,58,,,25409.0,cfbd,2026-09-06T17:05:44.127466+00:00,2022-11-12T20:30:00.000Z
2022_CFB_W11_ALA_MISS,30,24,-6,54,,,65923.0,cfbd,2026-09-06T17:05:44.127466+00:00,2022-11-12T20:30:00.000Z
2022_CFB_W11_ISU_OKST,14,20,6,34,,,55509.0,cfbd,2026-09-06T17:05:44.127466+00:00,2022-11-12T20:30:00.000Z
2022_CFB_W11_NU_MINN,3,31,28,34,,,41686.0,cfbd,2026-09-06T17:05:44.127466+00:00,2022-11-12T20:30:00.000Z
2022_CFB_W11_SC_FLA,6,38,32,44,,,89454.0,cfbd,2026-09-06T17:05:44.127466+00:00,2022-11-12T21:00:00.000Z
2022_CFB_W11_TXST_USA,21,38,17,59,,,14518.0,cfbd,2026-09-06T17:05:44.127466+00:00,2022-11-12T22:00:00.000Z
2022_CFB_W11_UGA_MSST,45,19,-26,64,,,60352.0,cfbd,2026-09-06T17:05:44.127466+00:00,2022-11-13T00:00:00.000Z
2022_CFB_W11_WASH_ORE,37,34,-3,71,,,58756.0,cfbd,2026-09-06T17:05:44.127466+00:00,2022-11-13T00:00:00.000Z
2022_CFB_W11_WYO_CSU,14,13,-1,27,,,30300.0,cfbd,2026-09-06T17:05:44.127466+00:00,2022-11-13T00:00:00.000Z
2022_CFB_W11_FAU_FIU,52,7,-45,59,,,,cfbd,2026-09-06T17:05:44.127466+00:00,2022-11-13T00:00:00.000Z
2022_CFB_W11_KU_TTU,28,43,15,71,,,55613.0,cfbd,2026-09-06T17:05:44.127466+00:00,2022-11-13T00:00:00.000Z
2022_CFB_W11_KSU_BAY,31,3,-28,34,,,47686.0,cfbd,2026-09-06T17:05:44.127466+00:00,2022-11-13T00:00:00.000Z
2022_CFB_W11_TAM_AUB,10,13,3,23,,,87451.0,cfbd,2026-09-06T17:05:44.127466+00:00,2022-11-13T00:30:00.000Z
2022_CFB_W11_TCU_TEX,17,10,-7,27,,,104203.0,cfbd,2026-09-06T17:05:44.127466+00:00,2022-11-13T00:30:00.000Z
2022_CFB_W11_UNC_WAKE,36,34,-2,70,,,31346.0,cfbd,2026-09-06T17:05:44.127466+00:00,2022-11-13T00:30:00.000Z
2022_CFB_W11_USM_CCU,23,26,3,49,,,16203.0,cfbd,2026-09-06T17:05:44.127466+00:00,2022-11-13T00:30:00.000Z
2022_CFB_W11_FSU_SYR,38,3,-35,41,,,45213.0,cfbd,2026-09-06T17:05:44.127466+00:00,2022-11-13T01:00:00.000Z
2022_CFB_W11_CAL_ORST,10,38,28,48,,,28642.0,cfbd,2026-09-06T17:05:44.127466+00:00,2022-11-13T02:00:00.000Z
2022_CFB_W11_STAN_UTAH,7,42,35,49,,,51951.0,cfbd,2026-09-06T17:05:44.127466+00:00,2022-11-13T03:00:00.000Z
2022_CFB_W11_SJSU_SDSU,27,43,16,70,,,28406.0,cfbd,2026-09-06T17:05:44.127466+00:00,2022-11-13T03:30:00.000Z
2022_CFB_W11_BOIS_NEV,41,3,-38,44,,,14960.0,cfbd,2026-09-06T17:05:44.127466+00:00,2022-11-13T03:30:00.000Z
2022_CFB_W11_ARIZ_UCLA,34,28,-6,62,,,44430.0,cfbd,2026-09-06T17:05:44.127466+00:00,2022-11-13T03:30:00.000Z
2022_CFB_W11_USU_HAW,41,34,-7,75,,,8862.0,cfbd,2026-09-06T17:05:44.127466+00:00,2022-11-13T04:00:00.000Z
2022_CFB_W12_BGSU_TOL,42,35,-7,77,,,20027.0,cfbd,2026-09-06T17:05:44.127466+00:00,2022-11-16T00:00:00.000Z
2022_CFB_W12_OHIO_BALL,32,18,-14,50,,,6722.0,cfbd,2026-09-06T17:05:44.127466+00:00,2022-11-16T00:00:00.000Z
2022_CFB_W12_EMU_KENT,31,24,-7,55,,,3998.0,cfbd,2026-09-06T17:05:44.127466+00:00,2022-11-16T23:00:00.000Z
2022_CFB_W12_MOH_NIU,29,23,-6,52,,,5187.0,cfbd,2026-09-06T17:05:44.127466+00:00,2022-11-17T00:00:00.000Z
2022_CFB_W12_WMU_CMU,12,10,-2,22,,,10097.0,cfbd,2026-09-06T17:05:44.127466+00:00,2022-11-17T01:00:00.000Z
2022_CFB_W12_SMU_TULN,24,59,35,83,,,20894.0,cfbd,2026-09-06T17:05:44.127466+00:00,2022-11-18T00:30:00.000Z
2022_CFB_W12_USF_TLSA,42,48,6,90,,,13819.0,cfbd,2026-09-06T17:05:44.127466+00:00,2022-11-19T02:00:00.000Z
2022_CFB_W12_SDSU_UNM,34,10,-24,44,,,14309.0,cfbd,2026-09-06T17:05:44.127466+00:00,2022-11-19T02:45:00.000Z
2022_CFB_W12_NAVY_UCF,17,14,-3,31,,,44813.0,cfbd,2026-09-06T17:05:44.127466+00:00,2022-11-19T16:00:00.000Z
2022_CFB_W12_MASS_TAM,3,20,17,23,,,90177.0,cfbd,2026-09-06T17:05:44.127466+00:00,2022-11-19T17:00:00.000Z
2022_CFB_W12_UL_FSU,17,49,32,66,,,58597.0,cfbd,2026-09-06T17:05:44.127466+00:00,2022-11-19T17:00:00.000Z
2022_CFB_W12_FCS2046_ALA,0,34,34,34,,,99639.0,cfbd,2026-09-06T17:05:44.127466+00:00,2022-11-19T17:00:00.000Z
2022_CFB_W12_FCS2193_MSST,7,56,49,63,,,49117.0,cfbd,2026-09-06T17:05:44.127466+00:00,2022-11-19T17:00:00.000Z
2022_CFB_W12_TCU_BAY,29,28,-1,57,,,44393.0,cfbd,2026-09-06T17:05:44.127466+00:00,2022-11-19T17:00:00.000Z
2022_CFB_W12_WIS_NEB,15,14,-1,29,,,86068.0,cfbd,2026-09-06T17:05:44.127466+00:00,2022-11-19T17:00:00.000Z
2022_CFB_W12_DUKE_PITT,26,28,2,54,,,45362.0,cfbd,2026-09-06T17:05:44.127466+00:00,2022-11-19T17:00:00.000Z
2022_CFB_W12_ILL_MICH,17,19,2,36,,,110433.0,cfbd,2026-09-06T17:05:44.127466+00:00,2022-11-19T17:00:00.000Z
2022_CFB_W12_NU_PUR,9,17,8,26,,,54016.0,cfbd,2026-09-06T17:05:44.127466+00:00,2022-11-19T17:00:00.000Z
2022_CFB_W12_VT_LIB,23,22,-1,45,,,23055.0,cfbd,2026-09-06T17:05:44.127466+00:00,2022-11-19T17:00:00.000Z
2022_CFB_W12_CONN_ARMY,17,34,17,51,,,31229.0,cfbd,2026-09-06T17:05:44.127466+00:00,2022-11-19T17:00:00.000Z
2022_CFB_W12_IU_MSU,39,31,-8,70,,,56136.0,cfbd,2026-09-06T17:05:44.127466+00:00,2022-11-19T17:00:00.000Z
2022_CFB_W12_FLA_VAN,24,31,7,55,,,30136.0,cfbd,2026-09-06T17:05:44.127466+00:00,2022-11-19T17:00:00.000Z
2022_CFB_W12_UTSA_RICE,41,7,-34,48,,,18249.0,cfbd,2026-09-06T17:05:44.127466+00:00,2022-11-19T18:00:00.000Z
2022_CFB_W12_FCS2453_MEM,0,59,59,59,,,24154.0,cfbd,2026-09-06T17:05:44.127466+00:00,2022-11-19T19:00:00.000Z
2022_CFB_W12_GAST_JMU,40,42,2,82,,,20055.0,cfbd,2026-09-06T17:05:44.127466+00:00,2022-11-19T19:00:00.000Z
2022_CFB_W12_WSU_ARIZ,31,20,-11,51,,,40717.0,cfbd,2026-09-06T17:05:44.127466+00:00,2022-11-19T19:00:00.000Z
2022_CFB_W12_KSU_WVU,48,31,-17,79,,,37055.0,cfbd,2026-09-06T17:05:44.127466+00:00,2022-11-19T19:00:00.000Z
2022_CFB_W12_HOU_ECU,42,3,-39,45,,,42475.0,cfbd,2026-09-06T17:05:44.127466+00:00,2022-11-19T19:00:00.000Z
2022_CFB_W12_ORST_ASU,31,7,-24,38,,,39551.0,cfbd,2026-09-06T17:05:44.127466+00:00,2022-11-19T19:15:00.000Z
2022_CFB_W12_ODU_APP,14,27,13,41,,,32096.0,cfbd,2026-09-06T17:05:44.127466+00:00,2022-11-19T19:30:00.000Z
2022_CFB_W12_BC_ND,0,44,44,44,,,73503.0,cfbd,2026-09-06T17:05:44.127466+00:00,2022-11-19T19:30:00.000Z
2022_CFB_W12_FAU_MTSU,21,49,28,70,,,9958.0,cfbd,2026-09-06T17:05:44.127466+00:00,2022-11-19T20:30:00.000Z
2022_CFB_W12_LT_CLT,21,26,5,47,,,7905.0,cfbd,2026-09-06T17:05:44.127466+00:00,2022-11-19T20:30:00.000Z
2022_CFB_W12_ULM_TROY,16,34,18,50,,,23864.0,cfbd,2026-09-06T17:05:44.127466+00:00,2022-11-19T20:30:00.000Z
2022_CFB_W12_USA_USM,27,20,-7,47,,,24032.0,cfbd,2026-09-06T17:05:44.127466+00:00,2022-11-19T20:30:00.000Z
2022_CFB_W12_MIA_CLEM,10,40,30,50,,,81340.0,cfbd,2026-09-06T17:05:44.127466+00:00,2022-11-19T20:30:00.000Z
2022_CFB_W12_NCSU_LOU,10,25,15,35,,,38974.0,cfbd,2026-09-06T17:05:44.127466+00:00,2022-11-19T20:30:00.000Z
2022_CFB_W12_OSU_MD,43,30,-13,73,,,41969.0,cfbd,2026-09-06T17:05:44.127466+00:00,2022-11-19T20:30:00.000Z
2022_CFB_W12_FCS3101_BYU,26,52,26,78,,,56069.0,cfbd,2026-09-06T17:05:44.127466+00:00,2022-11-19T20:30:00.000Z
2022_CFB_W12_TEX_KU,55,14,-41,69,,,38246.0,cfbd,2026-09-06T17:05:44.127466+00:00,2022-11-19T20:30:00.000Z
2022_CFB_W12_UGA_UK,16,6,-10,22,,,61022.0,cfbd,2026-09-06T17:05:44.127466+00:00,2022-11-19T20:30:00.000Z
2022_CFB_W12_PSU_RUTG,55,10,-45,65,,,55676.0,cfbd,2026-09-06T17:05:44.127466+00:00,2022-11-19T20:30:00.000Z
2022_CFB_W12_CIN_TEM,23,3,-20,26,,,14673.0,cfbd,2026-09-06T17:05:44.127466+00:00,2022-11-19T21:00:00.000Z
2022_CFB_W12_WKU_AUB,17,41,24,58,,,81824.0,cfbd,2026-09-06T17:05:44.127466+00:00,2022-11-19T21:00:00.000Z
2022_CFB_W12_FIU_UTEP,6,40,34,46,,,10758.0,cfbd,2026-09-06T17:05:44.127466+00:00,2022-11-19T21:00:00.000Z
2022_CFB_W12_IOWA_MINN,13,10,-3,23,,,45816.0,cfbd,2026-09-06T17:05:44.127466+00:00,2022-11-19T21:00:00.000Z
2022_CFB_W12_ARST_TXST,13,16,3,29,,,13287.0,cfbd,2026-09-06T17:05:44.127466+00:00,2022-11-19T22:00:00.000Z
2022_CFB_W12_GT_UNC,21,17,-4,38,,,44940.0,cfbd,2026-09-06T17:05:44.127466+00:00,2022-11-19T22:30:00.000Z
2022_CFB_W12_STAN_CAL,20,27,7,47,,,51892.0,cfbd,2026-09-06T17:05:44.127466+00:00,2022-11-19T22:30:00.000Z
2022_CFB_W12_MRSH_GASO,23,10,-13,33,,,16153.0,cfbd,2026-09-06T17:05:44.127466+00:00,2022-11-19T23:00:00.000Z
2022_CFB_W12_TTU_ISU,14,10,-4,24,,,52676.0,cfbd,2026-09-06T17:05:44.127466+00:00,2022-11-20T00:00:00.000Z
2022_CFB_W12_TENN_SC,38,63,25,101,,,79041.0,cfbd,2026-09-06T17:05:44.127466+00:00,2022-11-20T00:00:00.000Z
2022_CFB_W12_BOIS_WYO,20,17,-3,37,,,17345.0,cfbd,2026-09-06T17:05:44.127466+00:00,2022-11-20T00:00:00.000Z
2022_CFB_W12_NMSU_MIZ,14,45,31,59,,,45231.0,cfbd,2026-09-06T17:05:44.127466+00:00,2022-11-20T00:30:00.000Z
2022_CFB_W12_OKST_OU,13,28,15,41,,,84132.0,cfbd,2026-09-06T17:05:44.127466+00:00,2022-11-20T00:30:00.000Z
2022_CFB_W12_MISS_ARK,27,42,15,69,,,71365.0,cfbd,2026-09-06T17:05:44.127466+00:00,2022-11-20T00:30:00.000Z
2022_CFB_W12_USC_UCLA,48,45,-3,93,,,70865.0,cfbd,2026-09-06T17:05:44.127466+00:00,2022-11-20T01:00:00.000Z
2022_CFB_W12_SYR_WAKE,35,45,10,80,,,26164.0,cfbd,2026-09-06T17:05:44.127466+00:00,2022-11-20T01:00:00.000Z
2022_CFB_W12_CSU_AF,12,24,12,36,,,20121.0,cfbd,2026-09-06T17:05:44.127466+00:00,2022-11-20T02:00:00.000Z
2022_CFB_W12_UAB_LSU,10,41,31,51,,,97367.0,cfbd,2026-09-06T17:05:44.127466+00:00,2022-11-20T02:00:00.000Z
2022_CFB_W12_COLO_WASH,7,54,47,61,,,67969.0,cfbd,2026-09-06T17:05:44.127466+00:00,2022-11-20T02:00:00.000Z
2022_CFB_W12_SJSU_USU,31,35,4,66,,,13677.0,cfbd,2026-09-06T17:05:44.127466+00:00,2022-11-20T02:45:00.000Z
2022_CFB_W12_FRES_NEV,41,14,-27,55,,,12501.0,cfbd,2026-09-06T17:05:44.127466+00:00,2022-11-20T03:30:00.000Z
2022_CFB_W12_UTAH_ORE,17,20,3,37,,,57009.0,cfbd,2026-09-06T17:05:44.127466+00:00,2022-11-20T03:30:00.000Z
2022_CFB_W12_UNLV_HAW,25,31,6,56,,,9346.0,cfbd,2026-09-06T17:05:44.127466+00:00,2022-11-20T04:00:00.000Z
2022_CFB_W13_BALL_MOH,17,18,1,35,,,14021.0,cfbd,2026-09-06T17:05:44.127466+00:00,2022-11-23T00:00:00.000Z
2022_CFB_W13_BGSU_OHIO,14,38,24,52,,,11693.0,cfbd,2026-09-06T17:05:44.127466+00:00,2022-11-23T00:00:00.000Z
2022_CFB_W13_MSST_MISS,24,22,-2,46,,,62487.0,cfbd,2026-09-06T17:05:44.127466+00:00,2022-11-25T00:00:00.000Z
2022_CFB_W13_TULN_CIN,27,24,-3,51,,,37989.0,cfbd,2026-09-06T17:05:44.127466+00:00,2022-11-25T17:00:00.000Z
2022_CFB_W13_BAY_TEX,27,38,11,65,,,94076.0,cfbd,2026-09-06T17:05:44.127466+00:00,2022-11-25T17:00:00.000Z
2022_CFB_W13_USU_BOIS,23,42,19,65,,,31402.0,cfbd,2026-09-06T17:05:44.127466+00:00,2022-11-25T17:00:00.000Z
2022_CFB_W13_CMU_EMU,19,38,19,57,,,14213.0,cfbd,2026-09-06T17:05:44.127466+00:00,2022-11-25T17:00:00.000Z
2022_CFB_W13_TOL_WMU,14,20,6,34,,,8645.0,cfbd,2026-09-06T17:05:44.127466+00:00,2022-11-25T17:00:00.000Z
2022_CFB_W13_ASU_ARIZ,35,38,3,73,,,49865.0,cfbd,2026-09-06T17:05:44.127466+00:00,2022-11-25T20:00:00.000Z
2022_CFB_W13_NCSU_UNC,30,27,-3,57,,,50500.0,cfbd,2026-09-06T17:05:44.127466+00:00,2022-11-25T20:30:00.000Z
2022_CFB_W13_UNM_CSU,0,17,17,17,,,20107.0,cfbd,2026-09-06T17:05:44.127466+00:00,2022-11-25T20:30:00.000Z
2022_CFB_W13_ARK_MIZ,27,29,2,56,,,55710.0,cfbd,2026-09-06T17:05:44.127466+00:00,2022-11-25T20:30:00.000Z
2022_CFB_W13_NEB_IOWA,24,17,-7,41,,,69250.0,cfbd,2026-09-06T17:05:44.127466+00:00,2022-11-25T21:00:00.000Z
2022_CFB_W13_UCLA_CAL,35,28,-7,63,,,36221.0,cfbd,2026-09-06T17:05:44.127466+00:00,2022-11-25T21:30:00.000Z
2022_CFB_W13_FLA_FSU,38,45,7,83,,,79560.0,cfbd,2026-09-06T17:05:44.127466+00:00,2022-11-26T00:30:00.000Z
2022_CFB_W13_WYO_FRES,0,30,30,30,,,40214.0,cfbd,2026-09-06T17:05:44.127466+00:00,2022-11-26T03:00:00.000Z
2022_CFB_W13_ARMY_MASS,44,7,-37,51,,,10119.0,cfbd,2026-09-06T17:05:44.127466+00:00,2022-11-26T17:00:00.000Z
2022_CFB_W13_SC_CLEM,31,30,-1,61,,,81500.0,cfbd,2026-09-06T17:05:44.127466+00:00,2022-11-26T17:00:00.000Z
2022_CFB_W13_WVU_OKST,24,19,-5,43,,,52353.0,cfbd,2026-09-06T17:05:44.127466+00:00,2022-11-26T17:00:00.000Z
2022_CFB_W13_NMSU_LIB,49,14,-35,63,,,18837.0,cfbd,2026-09-06T17:05:44.127466+00:00,2022-11-26T17:00:00.000Z
2022_CFB_W13_ODU_USA,20,27,7,47,,,11407.0,cfbd,2026-09-06T17:05:44.127466+00:00,2022-11-26T17:00:00.000Z
2022_CFB_W13_GAST_MRSH,23,28,5,51,,,17427.0,cfbd,2026-09-06T17:05:44.127466+00:00,2022-11-26T17:00:00.000Z
2022_CFB_W13_MICH_OSU,45,23,-22,68,,,106787.0,cfbd,2026-09-06T17:05:44.127466+00:00,2022-11-26T17:00:00.000Z
2022_CFB_W13_RUTG_MD,0,37,37,37,,,21974.0,cfbd,2026-09-06T17:05:44.127466+00:00,2022-11-26T17:00:00.000Z
2022_CFB_W13_GT_UGA,14,37,23,51,,,92746.0,cfbd,2026-09-06T17:05:44.127466+00:00,2022-11-26T17:00:00.000Z
2022_CFB_W13_CCU_JMU,7,47,40,54,,,19393.0,cfbd,2026-09-06T17:05:44.127466+00:00,2022-11-26T17:00:00.000Z
2022_CFB_W13_WKU_FAU,32,31,-1,63,,,18376.0,cfbd,2026-09-06T17:05:44.127466+00:00,2022-11-26T17:00:00.000Z
2022_CFB_W13_KENT_BUF,30,27,-3,57,,,12302.0,cfbd,2026-09-06T17:05:44.127466+00:00,2022-11-26T18:00:00.000Z
2022_CFB_W13_ECU_TEM,49,46,-3,95,,,13037.0,cfbd,2026-09-06T17:05:44.127466+00:00,2022-11-26T18:00:00.000Z
2022_CFB_W13_AKR_NIU,44,12,-32,56,,,6288.0,cfbd,2026-09-06T17:05:44.127466+00:00,2022-11-26T18:30:00.000Z
2022_CFB_W13_RICE_UNT,17,21,4,38,,,15688.0,cfbd,2026-09-06T17:05:44.127466+00:00,2022-11-26T19:00:00.000Z
2022_CFB_W13_LOU_UK,13,26,13,39,,,58727.0,cfbd,2026-09-06T17:05:44.127466+00:00,2022-11-26T20:00:00.000Z
2022_CFB_W13_ORE_ORST,34,38,4,72,,,28840.0,cfbd,2026-09-06T17:05:44.127466+00:00,2022-11-26T20:30:00.000Z
2022_CFB_W13_ILL_NU,41,3,-38,44,,,25744.0,cfbd,2026-09-06T17:05:44.127466+00:00,2022-11-26T20:30:00.000Z
2022_CFB_W13_WAKE_DUKE,31,34,3,65,,,17492.0,cfbd,2026-09-06T17:05:44.127466+00:00,2022-11-26T20:30:00.000Z
2022_CFB_W13_PUR_IU,30,16,-14,46,,,51148.0,cfbd,2026-09-06T17:05:44.127466+00:00,2022-11-26T20:30:00.000Z
2022_CFB_W13_HAW_SJSU,14,27,13,41,,,15012.0,cfbd,2026-09-06T17:05:44.127466+00:00,2022-11-26T20:30:00.000Z
2022_CFB_W13_MEM_SMU,31,34,3,65,,,15759.0,cfbd,2026-09-06T17:05:44.127466+00:00,2022-11-26T20:30:00.000Z
2022_CFB_W13_UTEP_UTSA,31,34,3,65,,,26061.0,cfbd,2026-09-06T17:05:44.127466+00:00,2022-11-26T20:30:00.000Z
2022_CFB_W13_MINN_WIS,23,16,-7,39,,,75728.0,cfbd,2026-09-06T17:05:44.127466+00:00,2022-11-26T20:30:00.000Z
2022_CFB_W13_TROY_ARST,48,19,-29,67,,,9376.0,cfbd,2026-09-06T17:05:44.127466+00:00,2022-11-26T20:30:00.000Z
2022_CFB_W13_UAB_LT,37,27,-10,64,,,10342.0,cfbd,2026-09-06T17:05:44.127466+00:00,2022-11-26T20:30:00.000Z
2022_CFB_W13_AUB_ALA,27,49,22,76,,,100077.0,cfbd,2026-09-06T17:05:44.127466+00:00,2022-11-26T20:30:00.000Z
2022_CFB_W13_UTAH_COLO,63,21,-42,84,,,33474.0,cfbd,2026-09-06T17:05:44.127466+00:00,2022-11-26T21:00:00.000Z
2022_CFB_W13_ISU_TCU,14,62,48,76,,,44846.0,cfbd,2026-09-06T17:05:44.127466+00:00,2022-11-26T21:00:00.000Z
2022_CFB_W13_MSU_PSU,16,35,19,51,,,105154.0,cfbd,2026-09-06T17:05:44.127466+00:00,2022-11-26T21:00:00.000Z
2022_CFB_W13_USM_ULM,20,10,-10,30,,,4465.0,cfbd,2026-09-06T17:05:44.127466+00:00,2022-11-26T22:00:00.000Z
2022_CFB_W13_UL_TXST,41,13,-28,54,,,,cfbd,2026-09-06T17:05:44.127466+00:00,2022-11-26T22:00:00.000Z
2022_CFB_W13_APP_GASO,48,51,3,99,,,18683.0,cfbd,2026-09-06T17:05:44.127466+00:00,2022-11-26T23:00:00.000Z
2022_CFB_W13_NEV_UNLV,22,27,5,49,,,24873.0,cfbd,2026-09-06T17:05:44.127466+00:00,2022-11-26T23:00:00.000Z
2022_CFB_W13_MTSU_FIU,33,28,-5,61,,,14768.0,cfbd,2026-09-06T17:05:44.127466+00:00,2022-11-26T23:00:00.000Z
2022_CFB_W13_UCF_USF,46,39,-7,85,,,32217.0,cfbd,2026-09-06T17:05:44.127466+00:00,2022-11-27T00:00:00.000Z
2022_CFB_W13_LSU_TAM,23,38,15,61,,,93578.0,cfbd,2026-09-06T17:05:44.127466+00:00,2022-11-27T00:00:00.000Z
2022_CFB_W13_TLSA_HOU,37,30,-7,67,,,21785.0,cfbd,2026-09-06T17:05:44.127466+00:00,2022-11-27T00:30:00.000Z
2022_CFB_W13_ND_USC,27,38,11,65,,,72613.0,cfbd,2026-09-06T17:05:44.127466+00:00,2022-11-27T00:30:00.000Z
2022_CFB_W13_OU_TTU,48,51,3,99,,,51126.0,cfbd,2026-09-06T17:05:44.127466+00:00,2022-11-27T00:30:00.000Z
2022_CFB_W13_SYR_BC,32,23,-9,55,,,30113.0,cfbd,2026-09-06T17:05:44.127466+00:00,2022-11-27T00:30:00.000Z
2022_CFB_W13_TENN_VAN,56,0,-56,56,,,40350.0,cfbd,2026-09-06T17:05:44.127466+00:00,2022-11-27T00:30:00.000Z
2022_CFB_W13_KU_KSU,27,47,20,74,,,51861.0,cfbd,2026-09-06T17:05:44.127466+00:00,2022-11-27T01:00:00.000Z
2022_CFB_W13_PITT_MIA,42,16,-26,58,,,46428.0,cfbd,2026-09-06T17:05:44.127466+00:00,2022-11-27T01:00:00.000Z
2022_CFB_W13_AF_SDSU,13,3,-10,16,,,25223.0,cfbd,2026-09-06T17:05:44.127466+00:00,2022-11-27T02:00:00.000Z
2022_CFB_W13_WASH_WSU,51,33,-18,84,,,33152.0,cfbd,2026-09-06T17:05:44.127466+00:00,2022-11-27T03:30:00.000Z
2022_CFB_W13_BYU_STAN,35,26,-9,61,,,25094.0,cfbd,2026-09-06T17:05:44.127466+00:00,2022-11-27T04:00:00.000Z
2022_CFB_W14_AKR_BUF,22,23,1,45,,,12247.0,cfbd,2026-09-06T17:05:44.127466+00:00,2022-12-02T18:00:00.000Z
2022_CFB_W14_UNT_UTSA,27,48,21,75,,,41412.0,cfbd,2026-09-06T17:05:44.127466+00:00,2022-12-03T00:30:00.000Z
2022_CFB_W14_UTAH_USC,47,24,-23,71,,,61195.0,cfbd,2026-09-06T17:05:44.127466+00:00,2022-12-03T01:00:00.000Z
2022_CFB_W14_KSU_TCU,31,28,-3,59,,,69335.0,cfbd,2026-09-06T17:05:44.127466+00:00,2022-12-03T17:00:00.000Z
2022_CFB_W14_TOL_OHIO,17,7,-10,24,,,15550.0,cfbd,2026-09-06T17:05:44.127466+00:00,2022-12-03T17:00:00.000Z
2022_CFB_W14_FCS2674_NMSU,3,65,62,68,,,14784.0,cfbd,2026-09-06T17:05:44.127466+00:00,2022-12-03T20:00:00.000Z
2022_CFB_W14_CCU_TROY,26,45,19,71,,,21554.0,cfbd,2026-09-06T17:05:44.127466+00:00,2022-12-03T20:30:00.000Z
2022_CFB_W14_LSU_UGA,30,50,20,80,,,74810.0,cfbd,2026-09-06T17:05:44.127466+00:00,2022-12-03T21:00:00.000Z
2022_CFB_W14_FRES_BOIS,28,16,-12,44,,,24037.0,cfbd,2026-09-06T17:05:44.127466+00:00,2022-12-03T21:00:00.000Z
2022_CFB_W14_UCF_TULN,28,45,17,73,,,30118.0,cfbd,2026-09-06T17:05:44.127466+00:00,2022-12-03T21:00:00.000Z
2022_CFB_W14_CLEM_UNC,39,10,-29,49,,,64115.0,cfbd,2026-09-06T17:05:44.127466+00:00,2022-12-04T01:00:00.000Z
2022_CFB_W14_PUR_MICH,22,43,21,65,,,67107.0,cfbd,2026-09-06T17:05:44.127466+00:00,2022-12-04T01:00:00.000Z
2022_CFB_W15_NAVY_ARMY,17,20,3,37,,,69117.0,cfbd,2026-09-06T17:05:44.127466+00:00,2022-12-10T20:00:00.000Z
2022_CFB_P01_MOH_UAB,20,24,4,44,,,12172.0,cfbd,2026-09-06T17:06:22.200230+00:00,2022-12-16T16:30:00.000Z
2022_CFB_P01_UTSA_TROY,12,18,6,30,,,,cfbd,2026-09-06T17:06:22.200230+00:00,2022-12-16T20:00:00.000Z
2022_CFB_P01_CIN_LOU,7,24,17,31,,,,cfbd,2026-09-06T17:06:22.200230+00:00,2022-12-17T16:00:00.000Z
2022_CFB_P01_FLA_ORST,3,30,27,33,,,29750.0,cfbd,2026-09-06T17:06:22.200230+00:00,2022-12-17T19:30:00.000Z
2022_CFB_P01_WSU_FRES,6,29,23,35,,,32405.0,cfbd,2026-09-06T17:06:22.200230+00:00,2022-12-17T20:30:00.000Z
2022_CFB_P01_RICE_USM,24,38,14,62,,,20512.0,cfbd,2026-09-06T17:06:22.200230+00:00,2022-12-17T22:45:00.000Z
2022_CFB_P01_SMU_BYU,23,24,1,47,,,22209.0,cfbd,2026-09-06T17:06:22.200230+00:00,2022-12-18T00:30:00.000Z
2022_CFB_P01_UNT_BOIS,32,35,3,67,,,12211.0,cfbd,2026-09-06T17:06:22.200230+00:00,2022-12-18T02:15:00.000Z
2022_CFB_P01_MRSH_CONN,28,14,-14,42,,,12023.0,cfbd,2026-09-06T17:06:22.200230+00:00,2022-12-19T19:30:00.000Z
2022_CFB_P01_EMU_SJSU,41,27,-14,68,,,10122.0,cfbd,2026-09-06T17:06:22.200230+00:00,2022-12-20T20:30:00.000Z
2022_CFB_P01_LIB_TOL,19,21,2,40,,,20622.0,cfbd,2026-09-06T17:06:22.200230+00:00,2022-12-21T00:30:00.000Z
2022_CFB_P01_WKU_USA,44,23,-21,67,,,13456.0,cfbd,2026-09-06T17:06:22.200230+00:00,2022-12-22T02:00:00.000Z
2022_CFB_P01_BAY_AF,15,30,15,45,,,,cfbd,2026-09-06T17:06:22.200230+00:00,2022-12-23T00:30:00.000Z
2022_CFB_P01_UL_HOU,16,23,7,39,,,23410.0,cfbd,2026-09-06T17:06:22.200230+00:00,2022-12-23T20:00:00.000Z
2022_CFB_P01_WAKE_MIZ,27,17,-10,44,,,34370.0,cfbd,2026-09-06T17:06:22.200230+00:00,2022-12-23T23:30:00.000Z
2022_CFB_P01_MTSU_SDSU,25,23,-2,48,,,6605.0,cfbd,2026-09-06T17:06:22.200230+00:00,2022-12-25T01:00:00.000Z
2022_CFB_P01_NMSU_BGSU,24,19,-5,43,,,22987.0,cfbd,2026-09-06T17:06:22.200230+00:00,2022-12-26T19:30:00.000Z
2022_CFB_P01_GASO_BUF,21,23,2,44,,,15322.0,cfbd,2026-09-06T17:06:22.200230+00:00,2022-12-27T17:00:00.000Z
2022_CFB_P01_MEM_USU,38,10,-28,48,,,,cfbd,2026-09-06T17:06:22.200230+00:00,2022-12-27T20:15:00.000Z
2022_CFB_P01_CCU_ECU,29,53,24,82,,,,cfbd,2026-09-06T17:06:22.200230+00:00,2022-12-27T23:45:00.000Z
2022_CFB_P01_WIS_OKST,24,17,-7,41,,,23187.0,cfbd,2026-09-06T17:06:22.200230+00:00,2022-12-28T03:15:00.000Z
2022_CFB_P01_UCF_DUKE,13,30,17,43,,,17974.0,cfbd,2026-09-06T17:06:22.200230+00:00,2022-12-28T19:00:00.000Z
2022_CFB_P01_KU_ARK,53,55,2,108,,,52847.0,cfbd,2026-09-06T17:06:22.200230+00:00,2022-12-28T22:30:00.000Z
2022_CFB_P01_ORE_UNC,28,27,-1,55,,,36242.0,cfbd,2026-09-06T17:06:22.200230+00:00,2022-12-29T01:00:00.000Z
2022_CFB_P01_TTU_MISS,42,25,-17,67,,,53251.0,cfbd,2026-09-06T17:06:22.200230+00:00,2022-12-29T02:00:00.000Z
2022_CFB_P01_SYR_MINN,20,28,8,48,,,31131.0,cfbd,2026-09-06T17:06:22.200230+00:00,2022-12-29T19:00:00.000Z
2022_CFB_P01_OU_FSU,32,35,3,67,,,61520.0,cfbd,2026-09-06T17:06:22.200230+00:00,2022-12-29T22:30:00.000Z
2022_CFB_P01_TEX_WASH,20,27,7,47,,,62730.0,cfbd,2026-09-06T17:06:22.200230+00:00,2022-12-30T02:00:00.000Z
2022_CFB_P01_MD_NCSU,16,12,-4,28,,,37228.0,cfbd,2026-09-06T17:06:22.200230+00:00,2022-12-30T17:00:00.000Z
2022_CFB_P01_PITT_UCLA,37,35,-2,72,,,41104.0,cfbd,2026-09-06T17:06:22.200230+00:00,2022-12-30T19:00:00.000Z
2022_CFB_P01_ND_SC,45,38,-7,83,,,67383.0,cfbd,2026-09-06T17:06:22.200230+00:00,2022-12-30T20:30:00.000Z
2022_CFB_P01_OHIO_WYO,30,27,-3,57,,,27691.0,cfbd,2026-09-06T17:06:22.200230+00:00,2022-12-30T21:30:00.000Z
2022_CFB_P01_TENN_CLEM,31,14,-17,45,,,63912.0,cfbd,2026-09-06T17:06:22.200230+00:00,2022-12-31T01:00:00.000Z
2022_CFB_P01_IOWA_UK,21,0,-21,21,,,,cfbd,2026-09-06T17:06:22.200230+00:00,2022-12-31T17:00:00.000Z
2022_CFB_P01_ALA_KSU,45,20,-25,65,,,60437.0,cfbd,2026-09-06T17:06:22.200230+00:00,2022-12-31T17:00:00.000Z
2022_CFB_P01_TCU_MICH,51,45,-6,96,,,71723.0,cfbd,2026-09-06T17:06:22.200230+00:00,2022-12-31T21:00:00.000Z
2022_CFB_P01_OSU_UGA,41,42,1,83,,,79330.0,cfbd,2026-09-06T17:06:22.200230+00:00,2023-01-01T01:00:00.000Z
2022_CFB_P01_MSST_ILL,19,10,-9,29,,,35797.0,cfbd,2026-09-06T17:06:22.200230+00:00,2023-01-02T17:00:00.000Z
2022_CFB_P01_LSU_PUR,63,7,-56,70,,,42791.0,cfbd,2026-09-06T17:06:22.200230+00:00,2023-01-02T18:00:00.000Z
2022_CFB_P01_TULN_USC,46,45,-1,91,,,55329.0,cfbd,2026-09-06T17:06:22.200230+00:00,2023-01-02T18:00:00.000Z
2022_CFB_P01_PSU_UTAH,35,21,-14,56,,,94873.0,cfbd,2026-09-06T17:06:22.200230+00:00,2023-01-02T22:00:00.000Z
2022_CFB_P01_TCU_UGA,7,65,58,72,,,72628.0,cfbd,2026-09-06T17:06:22.200230+00:00,2023-01-10T00:30:00.000Z
